product_id,product_name,category_id,product_url,product_type,base_price,discount_percent,selling_price,rating,review_count,source_name,source_url,scraped_at
1,Brown Premium Graphic T-Shirt,2,https://synthetic.example.com/products/1-brown-premium-graphic-t-shirt,T-Shirts,1070.0,30,749.0,4.52,39,Synthetic Product Catalog,https://synthetic.example.com/source/1,2026-06-16
2,Navy Premium Midi Skirt,7,https://synthetic.example.com/products/2-navy-premium-midi-skirt,Dresses,2090.0,30,1463.0,4.09,106,Synthetic Product Catalog,https://synthetic.example.com/source/2,2026-06-04
3,Green Cotton Everyday Skirt,7,https://synthetic.example.com/products/3-green-cotton-everyday-skirt,Dresses,2370.0,25,1777.5,4.61,450,Synthetic Product Catalog,https://synthetic.example.com/source/3,2026-07-10
4,Grey Elegant Everyday Top,6,https://synthetic.example.com/products/4-grey-elegant-everyday-top,Trousers,1700.0,0,1700.0,4.5,261,Synthetic Product Catalog,https://synthetic.example.com/source/4,2026-07-19
5,Cream Essential Crew Neck T-Shirt,2,https://synthetic.example.com/products/5-cream-essential-crew-neck-t-shirt,T-Shirts,960.0,40,576.0,4.03,160,Synthetic Product Catalog,https://synthetic.example.com/source/5,2026-06-17
6,Beige Winter Casual Jacket,10,https://synthetic.example.com/products/6-beige-winter-casual-jacket,Skirts,3130.0,0,3130.0,4.29,403,Synthetic Product Catalog,https://synthetic.example.com/source/6,2026-07-21
7,White Fashion Essentials Set,12,https://synthetic.example.com/products/7-white-fashion-essentials-set,Accessories,2430.0,15,2065.5,3.73,422,Synthetic Product Catalog,https://synthetic.example.com/source/7,2026-06-18
8,Maroon Classic Men's Jacket,10,https://synthetic.example.com/products/8-maroon-classic-mens-jacket,Skirts,1950.0,20,1560.0,3.73,437,Synthetic Product Catalog,https://synthetic.example.com/source/8,2026-07-21
9,Blue Premium Accessories Set,12,https://synthetic.example.com/products/9-blue-premium-accessories-set,Accessories,2130.0,25,1597.5,4.34,136,Synthetic Product Catalog,https://synthetic.example.com/source/9,2026-07-06
10,Pink Printed Cotton Top,6,https://synthetic.example.com/products/10-pink-printed-cotton-top,Trousers,1400.0,15,1190.0,4.49,343,Synthetic Product Catalog,https://synthetic.example.com/source/10,2026-06-14
11,Olive Lightweight Utility Jacket,10,https://synthetic.example.com/products/11-olive-lightweight-utility-jacket,Skirts,1520.0,30,1064.0,4.38,62,Synthetic Product Catalog,https://synthetic.example.com/source/11,2026-07-21
12,Black Premium Chino Trouser,4,https://synthetic.example.com/products/12-black-premium-chino-trouser,T-Shirts,1920.0,20,1536.0,3.98,1085,Synthetic Product Catalog,https://synthetic.example.com/source/12,2026-06-16
13,Brown Oversized Casual Top,6,https://synthetic.example.com/products/13-brown-oversized-casual-top,Trousers,1550.0,20,1240.0,3.95,284,Synthetic Product Catalog,https://synthetic.example.com/source/13,2026-06-22
14,Navy Pleated Fashion Skirt,7,https://synthetic.example.com/products/14-navy-pleated-fashion-skirt,Dresses,1750.0,15,1487.5,3.94,151,Synthetic Product Catalog,https://synthetic.example.com/source/14,2026-06-29
15,Green Fashion Essentials Set,12,https://synthetic.example.com/products/15-green-fashion-essentials-set,Accessories,1200.0,30,840.0,3.59,87,Synthetic Product Catalog,https://synthetic.example.com/source/15,2026-07-20
16,Grey Classic Accessories Set,11,https://synthetic.example.com/products/16-grey-classic-accessories-set,Jackets,800.0,25,600.0,3.91,280,Synthetic Product Catalog,https://synthetic.example.com/source/16,2026-07-16
17,Cream Premium Accessories Set,12,https://synthetic.example.com/products/17-cream-premium-accessories-set,Accessories,1190.0,30,833.0,3.8,161,Synthetic Product Catalog,https://synthetic.example.com/source/17,2026-06-23
18,Beige Oversized Cotton Tee,2,https://synthetic.example.com/products/18-beige-oversized-cotton-tee,T-Shirts,1440.0,20,1152.0,3.89,240,Synthetic Product Catalog,https://synthetic.example.com/source/18,2026-07-27
19,White Casual Accessories Pack,12,https://synthetic.example.com/products/19-white-casual-accessories-pack,Accessories,1830.0,20,1464.0,4.06,162,Synthetic Product Catalog,https://synthetic.example.com/source/19,2026-07-23
20,Maroon Essential Kids Tee,9,https://synthetic.example.com/products/20-maroon-essential-kids-tee,T-Shirts,800.0,5,760.0,3.5,78,Synthetic Product Catalog,https://synthetic.example.com/source/20,2026-06-25
21,Blue Printed Casual Dress,5,https://synthetic.example.com/products/21-blue-printed-casual-dress,Shirts,3100.0,10,2790.0,4.68,200,Synthetic Product Catalog,https://synthetic.example.com/source/21,2026-06-08
22,Pink Textured Formal Trouser,4,https://synthetic.example.com/products/22-pink-textured-formal-trouser,T-Shirts,1900.0,10,1710.0,3.67,159,Synthetic Product Catalog,https://synthetic.example.com/source/22,2026-06-19
23,Olive Premium Oversized Tee,2,https://synthetic.example.com/products/23-olive-premium-oversized-tee,T-Shirts,760.0,15,646.0,4.21,142,Synthetic Product Catalog,https://synthetic.example.com/source/23,2026-07-05
24,Black Classic Women's Top,6,https://synthetic.example.com/products/24-black-classic-womens-top,Trousers,2060.0,25,1545.0,4.2,262,Synthetic Product Catalog,https://synthetic.example.com/source/24,2026-06-11
25,Brown Premium Graphic T-Shirt,2,https://synthetic.example.com/products/25-brown-premium-graphic-t-shirt,T-Shirts,1340.0,5,1273.0,4.18,318,Synthetic Product Catalog,https://synthetic.example.com/source/25,2026-06-27
26,Navy Classic Blue Jeans,3,https://synthetic.example.com/products/26-navy-classic-blue-jeans,Jeans,1960.0,5,1862.0,4.76,88,Synthetic Product Catalog,https://synthetic.example.com/source/26,2026-07-03
27,Green Lightweight Utility Jacket,10,https://synthetic.example.com/products/27-green-lightweight-utility-jacket,Skirts,4740.0,20,3792.0,3.48,401,Synthetic Product Catalog,https://synthetic.example.com/source/27,2026-07-22
28,Grey Premium Chino Trouser,4,https://synthetic.example.com/products/28-grey-premium-chino-trouser,T-Shirts,2920.0,20,2336.0,4.24,599,Synthetic Product Catalog,https://synthetic.example.com/source/28,2026-07-31
29,Cream Stretch Casual Trouser,4,https://synthetic.example.com/products/29-cream-stretch-casual-trouser,T-Shirts,1980.0,35,1287.0,3.65,26,Synthetic Product Catalog,https://synthetic.example.com/source/29,2026-07-03
30,Beige Winter Casual Jacket,10,https://synthetic.example.com/products/30-beige-winter-casual-jacket,Skirts,2660.0,20,2128.0,3.82,202,Synthetic Product Catalog,https://synthetic.example.com/source/30,2026-07-16
31,White Party Wear Dress,5,https://synthetic.example.com/products/31-white-party-wear-dress,Shirts,3690.0,5,3505.5,3.63,41,Synthetic Product Catalog,https://synthetic.example.com/source/31,2026-06-13
32,Maroon Classic Denim Jacket,8,https://synthetic.example.com/products/32-maroon-classic-denim-jacket,Tops,2480.0,25,1860.0,4.9,341,Synthetic Product Catalog,https://synthetic.example.com/source/32,2026-06-22
33,Blue Slim Fit Trouser,4,https://synthetic.example.com/products/33-blue-slim-fit-trouser,T-Shirts,2830.0,10,2547.0,3.67,108,Synthetic Product Catalog,https://synthetic.example.com/source/33,2026-07-26
34,Pink Premium Midi Skirt,7,https://synthetic.example.com/products/34-pink-premium-midi-skirt,Dresses,2210.0,30,1547.0,3.69,573,Synthetic Product Catalog,https://synthetic.example.com/source/34,2026-07-10
35,Olive Lightweight Casual Jacket,8,https://synthetic.example.com/products/35-olive-lightweight-casual-jacket,Tops,3300.0,10,2970.0,3.81,364,Synthetic Product Catalog,https://synthetic.example.com/source/35,2026-07-15
36,Black Printed Casual Skirt,7,https://synthetic.example.com/products/36-black-printed-casual-skirt,Dresses,1540.0,40,924.0,4.18,1240,Synthetic Product Catalog,https://synthetic.example.com/source/36,2026-07-30
37,Brown Premium Sunglasses,11,https://synthetic.example.com/products/37-brown-premium-sunglasses,Jackets,1820.0,20,1456.0,4.69,357,Synthetic Product Catalog,https://synthetic.example.com/source/37,2026-06-09
38,Navy Relaxed Fit Dress,5,https://synthetic.example.com/products/38-navy-relaxed-fit-dress,Shirts,2120.0,5,2014.0,4.79,351,Synthetic Product Catalog,https://synthetic.example.com/source/38,2026-06-23
39,Green Solid Cotton Shirt,1,https://synthetic.example.com/products/39-green-solid-cotton-shirt,Shirts,1210.0,5,1149.5,4.88,249,Synthetic Product Catalog,https://synthetic.example.com/source/39,2026-06-06
40,Grey Classic Kids T-Shirt,9,https://synthetic.example.com/products/40-grey-classic-kids-t-shirt,T-Shirts,1060.0,30,742.0,4.73,118,Synthetic Product Catalog,https://synthetic.example.com/source/40,2026-07-22
41,Cream Premium Accessories Set,12,https://synthetic.example.com/products/41-cream-premium-accessories-set,Accessories,2440.0,20,1952.0,4.03,345,Synthetic Product Catalog,https://synthetic.example.com/source/41,2026-06-16
42,Beige Classic Blue Jeans,3,https://synthetic.example.com/products/42-beige-classic-blue-jeans,Jeans,1500.0,25,1125.0,3.18,185,Synthetic Product Catalog,https://synthetic.example.com/source/42,2026-07-19
43,White Casual Accessories Pack,12,https://synthetic.example.com/products/43-white-casual-accessories-pack,Accessories,1580.0,10,1422.0,3.95,603,Synthetic Product Catalog,https://synthetic.example.com/source/43,2026-06-21
44,Maroon Printed Casual Tee,2,https://synthetic.example.com/products/44-maroon-printed-casual-tee,T-Shirts,670.0,5,636.5,4.32,162,Synthetic Product Catalog,https://synthetic.example.com/source/44,2026-06-18
45,Blue Premium Fashion Wallet,12,https://synthetic.example.com/products/45-blue-premium-fashion-wallet,Accessories,1370.0,25,1027.5,4.7,246,Synthetic Product Catalog,https://synthetic.example.com/source/45,2026-07-14
46,Pink Lifestyle Accessories,12,https://synthetic.example.com/products/46-pink-lifestyle-accessories,Accessories,350.0,20,280.0,4.18,86,Synthetic Product Catalog,https://synthetic.example.com/source/46,2026-06-07
47,Olive Everyday Cotton Tee,9,https://synthetic.example.com/products/47-olive-everyday-cotton-tee,T-Shirts,860.0,40,516.0,4.94,128,Synthetic Product Catalog,https://synthetic.example.com/source/47,2026-07-24
48,Black Classic Kids T-Shirt,9,https://synthetic.example.com/products/48-black-classic-kids-t-shirt,T-Shirts,910.0,30,637.0,4.24,866,Synthetic Product Catalog,https://synthetic.example.com/source/48,2026-06-14
49,Brown Slim Fit Trouser,4,https://synthetic.example.com/products/49-brown-slim-fit-trouser,T-Shirts,2590.0,10,2331.0,4.03,85,Synthetic Product Catalog,https://synthetic.example.com/source/49,2026-06-13
50,Navy Everyday Fashion Belt,12,https://synthetic.example.com/products/50-navy-everyday-fashion-belt,Accessories,1630.0,15,1385.5,3.71,206,Synthetic Product Catalog,https://synthetic.example.com/source/50,2026-06-10
51,Green Casual Accessories Pack,12,https://synthetic.example.com/products/51-green-casual-accessories-pack,Accessories,1300.0,10,1170.0,3.52,71,Synthetic Product Catalog,https://synthetic.example.com/source/51,2026-06-10
52,Grey Everyday Fashion Bag,11,https://synthetic.example.com/products/52-grey-everyday-fashion-bag,Jackets,480.0,0,480.0,3.93,338,Synthetic Product Catalog,https://synthetic.example.com/source/52,2026-06-14
53,Cream Premium Denim Jeans,3,https://synthetic.example.com/products/53-cream-premium-denim-jeans,Jeans,1910.0,5,1814.5,4.45,420,Synthetic Product Catalog,https://synthetic.example.com/source/53,2026-06-13
54,Beige Textured Polo T-Shirt,2,https://synthetic.example.com/products/54-beige-textured-polo-t-shirt,T-Shirts,700.0,5,665.0,3.99,187,Synthetic Product Catalog,https://synthetic.example.com/source/54,2026-07-15
55,White Straight Fit Jeans,3,https://synthetic.example.com/products/55-white-straight-fit-jeans,Jeans,1320.0,20,1056.0,4.56,325,Synthetic Product Catalog,https://synthetic.example.com/source/55,2026-07-22
56,Maroon Classic Men's Jacket,10,https://synthetic.example.com/products/56-maroon-classic-mens-jacket,Skirts,3260.0,30,2282.0,3.78,317,Synthetic Product Catalog,https://synthetic.example.com/source/56,2026-07-13
57,Blue Premium Casual Top,6,https://synthetic.example.com/products/57-blue-premium-casual-top,Trousers,1130.0,10,1017.0,4.81,432,Synthetic Product Catalog,https://synthetic.example.com/source/57,2026-07-22
58,Pink Formal Cotton Trouser,4,https://synthetic.example.com/products/58-pink-formal-cotton-trouser,T-Shirts,1750.0,20,1400.0,3.6,724,Synthetic Product Catalog,https://synthetic.example.com/source/58,2026-07-30
59,Olive Regular Fit T-Shirt,2,https://synthetic.example.com/products/59-olive-regular-fit-t-shirt,T-Shirts,1700.0,5,1615.0,4.52,435,Synthetic Product Catalog,https://synthetic.example.com/source/59,2026-07-29
60,Black Relaxed Fit Jeans,3,https://synthetic.example.com/products/60-black-relaxed-fit-jeans,Jeans,3040.0,30,2128.0,4.12,188,Synthetic Product Catalog,https://synthetic.example.com/source/60,2026-06-04
61,Brown Comfort Fit T-Shirt,9,https://synthetic.example.com/products/61-brown-comfort-fit-t-shirt,T-Shirts,990.0,20,792.0,4.76,22,Synthetic Product Catalog,https://synthetic.example.com/source/61,2026-07-24
62,Navy Winter Casual Jacket,10,https://synthetic.example.com/products/62-navy-winter-casual-jacket,Skirts,3740.0,10,3366.0,3.93,41,Synthetic Product Catalog,https://synthetic.example.com/source/62,2026-07-09
63,Green Premium Oversized Tee,2,https://synthetic.example.com/products/63-green-premium-oversized-tee,T-Shirts,800.0,15,680.0,4.49,197,Synthetic Product Catalog,https://synthetic.example.com/source/63,2026-07-07
64,Grey Classic Women's Top,6,https://synthetic.example.com/products/64-grey-classic-womens-top,Trousers,1930.0,15,1640.5,4.69,513,Synthetic Product Catalog,https://synthetic.example.com/source/64,2026-07-10
65,Cream Premium Fashion Belt,11,https://synthetic.example.com/products/65-cream-premium-fashion-belt,Jackets,860.0,20,688.0,4.88,463,Synthetic Product Catalog,https://synthetic.example.com/source/65,2026-07-04
66,Beige Classic Blue Jeans,3,https://synthetic.example.com/products/66-beige-classic-blue-jeans,Jeans,2420.0,25,1815.0,3.79,623,Synthetic Product Catalog,https://synthetic.example.com/source/66,2026-06-14
67,White Regular Fit Shirt,1,https://synthetic.example.com/products/67-white-regular-fit-shirt,Shirts,1980.0,30,1386.0,4.13,815,Synthetic Product Catalog,https://synthetic.example.com/source/67,2026-07-20
68,Maroon Cotton Utility Jacket,8,https://synthetic.example.com/products/68-maroon-cotton-utility-jacket,Tops,4040.0,5,3838.0,3.39,193,Synthetic Product Catalog,https://synthetic.example.com/source/68,2026-07-27
69,Blue Premium Fashion Wallet,12,https://synthetic.example.com/products/69-blue-premium-fashion-wallet,Accessories,2060.0,20,1648.0,4.39,133,Synthetic Product Catalog,https://synthetic.example.com/source/69,2026-06-05
70,Pink Lifestyle Accessories,12,https://synthetic.example.com/products/70-pink-lifestyle-accessories,Accessories,860.0,20,688.0,3.8,317,Synthetic Product Catalog,https://synthetic.example.com/source/70,2026-06-06
71,Olive Premium Oversized Tee,2,https://synthetic.example.com/products/71-olive-premium-oversized-tee,T-Shirts,1240.0,20,992.0,4.24,278,Synthetic Product Catalog,https://synthetic.example.com/source/71,2026-06-29
72,Black Classic Fashion Accessories,12,https://synthetic.example.com/products/72-black-classic-fashion-accessories,Accessories,1380.0,20,1104.0,3.83,423,Synthetic Product Catalog,https://synthetic.example.com/source/72,2026-06-15
73,Brown Premium Denim Jacket,10,https://synthetic.example.com/products/73-brown-premium-denim-jacket,Skirts,1810.0,25,1357.5,4.48,154,Synthetic Product Catalog,https://synthetic.example.com/source/73,2026-07-25
74,Navy Classic Blue Jeans,3,https://synthetic.example.com/products/74-navy-classic-blue-jeans,Jeans,1970.0,35,1280.5,4.21,337,Synthetic Product Catalog,https://synthetic.example.com/source/74,2026-06-22
75,Green Lightweight Utility Jacket,10,https://synthetic.example.com/products/75-green-lightweight-utility-jacket,Skirts,2600.0,5,2470.0,4.27,709,Synthetic Product Catalog,https://synthetic.example.com/source/75,2026-07-11
76,Grey Printed Casual Skirt,7,https://synthetic.example.com/products/76-grey-printed-casual-skirt,Dresses,1450.0,25,1087.5,3.77,101,Synthetic Product Catalog,https://synthetic.example.com/source/76,2026-07-06
77,Cream Printed Casual Dress,5,https://synthetic.example.com/products/77-cream-printed-casual-dress,Shirts,2440.0,15,2074.0,4.7,677,Synthetic Product Catalog,https://synthetic.example.com/source/77,2026-06-16
78,Beige Cotton Casual Cap,11,https://synthetic.example.com/products/78-beige-cotton-casual-cap,Jackets,500.0,30,350.0,4.01,33,Synthetic Product Catalog,https://synthetic.example.com/source/78,2026-06-05
79,White Essential Cotton Top,6,https://synthetic.example.com/products/79-white-essential-cotton-top,Trousers,1930.0,0,1930.0,4.69,57,Synthetic Product Catalog,https://synthetic.example.com/source/79,2026-06-27
80,Maroon Classic Women's Top,6,https://synthetic.example.com/products/80-maroon-classic-womens-top,Trousers,1520.0,20,1216.0,4.3,444,Synthetic Product Catalog,https://synthetic.example.com/source/80,2026-07-15
81,Blue Printed Kids Tee,9,https://synthetic.example.com/products/81-blue-printed-kids-tee,T-Shirts,520.0,40,312.0,4.12,157,Synthetic Product Catalog,https://synthetic.example.com/source/81,2026-06-16
82,Pink Casual Bomber Jacket,10,https://synthetic.example.com/products/82-pink-casual-bomber-jacket,Skirts,1870.0,40,1122.0,3.8,266,Synthetic Product Catalog,https://synthetic.example.com/source/82,2026-06-12
83,Olive Lightweight Casual Jacket,8,https://synthetic.example.com/products/83-olive-lightweight-casual-jacket,Tops,4640.0,0,4640.0,3.78,193,Synthetic Product Catalog,https://synthetic.example.com/source/83,2026-07-27
84,Black Everyday Fashion Bag,11,https://synthetic.example.com/products/84-black-everyday-fashion-bag,Jackets,640.0,35,416.0,4.33,203,Synthetic Product Catalog,https://synthetic.example.com/source/84,2026-06-16
85,Brown Textured Casual Shirt,1,https://synthetic.example.com/products/85-brown-textured-casual-shirt,Shirts,890.0,20,712.0,3.52,48,Synthetic Product Catalog,https://synthetic.example.com/source/85,2026-08-01
86,Navy Textured Formal Trouser,4,https://synthetic.example.com/products/86-navy-textured-formal-trouser,T-Shirts,1110.0,30,777.0,3.97,295,Synthetic Product Catalog,https://synthetic.example.com/source/86,2026-06-12
87,Green Fashion Accessory Pack,11,https://synthetic.example.com/products/87-green-fashion-accessory-pack,Jackets,1720.0,0,1720.0,3.75,888,Synthetic Product Catalog,https://synthetic.example.com/source/87,2026-06-21
88,Grey Classic Denim Skirt,7,https://synthetic.example.com/products/88-grey-classic-denim-skirt,Dresses,2250.0,5,2137.5,3.43,86,Synthetic Product Catalog,https://synthetic.example.com/source/88,2026-06-25
89,Cream Premium Casual Shirt,1,https://synthetic.example.com/products/89-cream-premium-casual-shirt,Shirts,2010.0,40,1206.0,3.48,315,Synthetic Product Catalog,https://synthetic.example.com/source/89,2026-07-16
90,Beige Oxford Formal Shirt,1,https://synthetic.example.com/products/90-beige-oxford-formal-shirt,Shirts,870.0,30,609.0,3.28,507,Synthetic Product Catalog,https://synthetic.example.com/source/90,2026-06-26
91,White Elegant Maxi Dress,5,https://synthetic.example.com/products/91-white-elegant-maxi-dress,Shirts,1550.0,40,930.0,3.81,357,Synthetic Product Catalog,https://synthetic.example.com/source/91,2026-07-27
92,Maroon Premium Chino Trouser,4,https://synthetic.example.com/products/92-maroon-premium-chino-trouser,T-Shirts,2140.0,5,2033.0,4.69,203,Synthetic Product Catalog,https://synthetic.example.com/source/92,2026-06-24
93,Blue Oversized Casual Top,6,https://synthetic.example.com/products/93-blue-oversized-casual-top,Trousers,1960.0,25,1470.0,4.6,412,Synthetic Product Catalog,https://synthetic.example.com/source/93,2026-06-28
94,Pink Textured Women's Top,6,https://synthetic.example.com/products/94-pink-textured-womens-top,Trousers,1430.0,20,1144.0,5.0,327,Synthetic Product Catalog,https://synthetic.example.com/source/94,2026-07-02
95,Olive Fashion Essentials Set,12,https://synthetic.example.com/products/95-olive-fashion-essentials-set,Accessories,970.0,15,824.5,4.25,253,Synthetic Product Catalog,https://synthetic.example.com/source/95,2026-07-16
96,Black Classic Fashion Accessories,12,https://synthetic.example.com/products/96-black-classic-fashion-accessories,Accessories,1200.0,10,1080.0,3.17,63,Synthetic Product Catalog,https://synthetic.example.com/source/96,2026-07-08
97,Brown Premium Accessories Set,12,https://synthetic.example.com/products/97-brown-premium-accessories-set,Accessories,1220.0,20,976.0,4.6,107,Synthetic Product Catalog,https://synthetic.example.com/source/97,2026-07-30
98,Navy Premium Midi Dress,5,https://synthetic.example.com/products/98-navy-premium-midi-dress,Shirts,3110.0,25,2332.5,4.18,474,Synthetic Product Catalog,https://synthetic.example.com/source/98,2026-06-29
99,Green Stretch Denim Jeans,3,https://synthetic.example.com/products/99-green-stretch-denim-jeans,Jeans,2460.0,20,1968.0,4.1,3368,Synthetic Product Catalog,https://synthetic.example.com/source/99,2026-06-15
100,Grey Minimal Accessories Set,12,https://synthetic.example.com/products/100-grey-minimal-accessories-set,Accessories,1920.0,30,1344.0,4.36,251,Synthetic Product Catalog,https://synthetic.example.com/source/100,2026-07-02
101,Cream Comfort Fit T-Shirt,9,https://synthetic.example.com/products/101-cream-comfort-fit-t-shirt,T-Shirts,1280.0,15,1088.0,3.72,442,Synthetic Product Catalog,https://synthetic.example.com/source/101,2026-07-01
102,Beige Cotton Casual Cap,11,https://synthetic.example.com/products/102-beige-cotton-casual-cap,Jackets,390.0,15,331.5,4.3,193,Synthetic Product Catalog,https://synthetic.example.com/source/102,2026-06-12
103,White Everyday Cotton Tee,9,https://synthetic.example.com/products/103-white-everyday-cotton-tee,T-Shirts,1220.0,0,1220.0,3.2,43,Synthetic Product Catalog,https://synthetic.example.com/source/103,2026-07-14
104,Maroon Classic Summer Dress,5,https://synthetic.example.com/products/104-maroon-classic-summer-dress,Shirts,1460.0,20,1168.0,3.42,10,Synthetic Product Catalog,https://synthetic.example.com/source/104,2026-07-10
105,Blue A-Line Casual Skirt,7,https://synthetic.example.com/products/105-blue-a-line-casual-skirt,Dresses,2490.0,30,1743.0,3.85,374,Synthetic Product Catalog,https://synthetic.example.com/source/105,2026-06-05
106,Pink Oversized Cotton Tee,2,https://synthetic.example.com/products/106-pink-oversized-cotton-tee,T-Shirts,1000.0,25,750.0,4.06,547,Synthetic Product Catalog,https://synthetic.example.com/source/106,2026-06-20
107,Olive Lightweight Utility Jacket,10,https://synthetic.example.com/products/107-olive-lightweight-utility-jacket,Skirts,2070.0,10,1863.0,4.5,1403,Synthetic Product Catalog,https://synthetic.example.com/source/107,2026-07-01
108,Black Minimal Accessories Set,12,https://synthetic.example.com/products/108-black-minimal-accessories-set,Accessories,2140.0,40,1284.0,4.01,998,Synthetic Product Catalog,https://synthetic.example.com/source/108,2026-06-29
109,Brown Premium Sunglasses,11,https://synthetic.example.com/products/109-brown-premium-sunglasses,Jackets,440.0,25,330.0,4.22,1234,Synthetic Product Catalog,https://synthetic.example.com/source/109,2026-07-09
110,Navy Lifestyle Accessories,12,https://synthetic.example.com/products/110-navy-lifestyle-accessories,Accessories,700.0,35,455.0,4.3,54,Synthetic Product Catalog,https://synthetic.example.com/source/110,2026-07-23
111,Green Straight Fit Jeans,3,https://synthetic.example.com/products/111-green-straight-fit-jeans,Jeans,2330.0,20,1864.0,3.02,84,Synthetic Product Catalog,https://synthetic.example.com/source/111,2026-07-15
112,Grey Classic Casual Trouser,4,https://synthetic.example.com/products/112-grey-classic-casual-trouser,T-Shirts,2690.0,25,2017.5,4.02,190,Synthetic Product Catalog,https://synthetic.example.com/source/112,2026-07-18
113,Cream Premium Denim Jacket,10,https://synthetic.example.com/products/113-cream-premium-denim-jacket,Skirts,1700.0,15,1445.0,4.42,524,Synthetic Product Catalog,https://synthetic.example.com/source/113,2026-06-17
114,Beige Everyday Fashion Belt,12,https://synthetic.example.com/products/114-beige-everyday-fashion-belt,Accessories,1360.0,25,1020.0,5.0,280,Synthetic Product Catalog,https://synthetic.example.com/source/114,2026-06-12
115,White Relaxed Fit Top,6,https://synthetic.example.com/products/115-white-relaxed-fit-top,Trousers,1760.0,30,1232.0,3.54,89,Synthetic Product Catalog,https://synthetic.example.com/source/115,2026-06-08
116,Maroon Linen Blend Shirt,1,https://synthetic.example.com/products/116-maroon-linen-blend-shirt,Shirts,2360.0,25,1770.0,3.76,565,Synthetic Product Catalog,https://synthetic.example.com/source/116,2026-07-09
117,Blue Stretch Casual Trouser,4,https://synthetic.example.com/products/117-blue-stretch-casual-trouser,T-Shirts,1050.0,35,682.5,4.35,321,Synthetic Product Catalog,https://synthetic.example.com/source/117,2026-07-21
118,Pink Textured Polo T-Shirt,2,https://synthetic.example.com/products/118-pink-textured-polo-t-shirt,T-Shirts,510.0,10,459.0,3.7,273,Synthetic Product Catalog,https://synthetic.example.com/source/118,2026-06-27
119,Olive Everyday Cotton Tee,9,https://synthetic.example.com/products/119-olive-everyday-cotton-tee,T-Shirts,1080.0,20,864.0,3.99,351,Synthetic Product Catalog,https://synthetic.example.com/source/119,2026-06-04
120,Black Classic Denim Skirt,7,https://synthetic.example.com/products/120-black-classic-denim-skirt,Dresses,2440.0,30,1708.0,3.62,452,Synthetic Product Catalog,https://synthetic.example.com/source/120,2026-06-19
121,Brown A-Line Casual Skirt,7,https://synthetic.example.com/products/121-brown-a-line-casual-skirt,Dresses,1550.0,20,1240.0,4.21,1289,Synthetic Product Catalog,https://synthetic.example.com/source/121,2026-06-19
122,Navy Oversized Cotton Tee,2,https://synthetic.example.com/products/122-navy-oversized-cotton-tee,T-Shirts,870.0,25,652.5,3.36,57,Synthetic Product Catalog,https://synthetic.example.com/source/122,2026-06-03
123,Green Cotton Everyday Skirt,7,https://synthetic.example.com/products/123-green-cotton-everyday-skirt,Dresses,1630.0,40,978.0,4.21,43,Synthetic Product Catalog,https://synthetic.example.com/source/123,2026-06-16
124,Grey Relaxed Fit Jeans,3,https://synthetic.example.com/products/124-grey-relaxed-fit-jeans,Jeans,3020.0,5,2869.0,3.82,123,Synthetic Product Catalog,https://synthetic.example.com/source/124,2026-07-08
125,Cream Stretch Casual Trouser,4,https://synthetic.example.com/products/125-cream-stretch-casual-trouser,T-Shirts,2640.0,0,2640.0,3.34,349,Synthetic Product Catalog,https://synthetic.example.com/source/125,2026-06-07
126,Beige Relaxed Fit Dress,5,https://synthetic.example.com/products/126-beige-relaxed-fit-dress,Shirts,3020.0,25,2265.0,4.3,117,Synthetic Product Catalog,https://synthetic.example.com/source/126,2026-07-26
127,White Everyday Cotton Tee,9,https://synthetic.example.com/products/127-white-everyday-cotton-tee,T-Shirts,1280.0,0,1280.0,3.82,997,Synthetic Product Catalog,https://synthetic.example.com/source/127,2026-06-18
128,Maroon Slim Fit Denim Jeans,3,https://synthetic.example.com/products/128-maroon-slim-fit-denim-jeans,Jeans,1210.0,20,968.0,3.82,374,Synthetic Product Catalog,https://synthetic.example.com/source/128,2026-06-11
129,Blue Premium Denim Jacket,10,https://synthetic.example.com/products/129-blue-premium-denim-jacket,Skirts,4630.0,25,3472.5,3.63,19,Synthetic Product Catalog,https://synthetic.example.com/source/129,2026-07-08
130,Pink Premium Midi Skirt,7,https://synthetic.example.com/products/130-pink-premium-midi-skirt,Dresses,2250.0,15,1912.5,3.23,144,Synthetic Product Catalog,https://synthetic.example.com/source/130,2026-07-12
131,Olive Regular Fit T-Shirt,2,https://synthetic.example.com/products/131-olive-regular-fit-t-shirt,T-Shirts,1650.0,10,1485.0,4.36,450,Synthetic Product Catalog,https://synthetic.example.com/source/131,2026-07-16
132,Black Elegant Everyday Top,6,https://synthetic.example.com/products/132-black-elegant-everyday-top,Trousers,2150.0,40,1290.0,4.18,182,Synthetic Product Catalog,https://synthetic.example.com/source/132,2026-06-19
133,Brown Relaxed Fit Skirt,7,https://synthetic.example.com/products/133-brown-relaxed-fit-skirt,Dresses,1780.0,40,1068.0,3.53,38,Synthetic Product Catalog,https://synthetic.example.com/source/133,2026-07-24
134,Navy Checked Casual Shirt,1,https://synthetic.example.com/products/134-navy-checked-casual-shirt,Shirts,2360.0,20,1888.0,4.02,1303,Synthetic Product Catalog,https://synthetic.example.com/source/134,2026-07-09
135,Green Solid Cotton Shirt,1,https://synthetic.example.com/products/135-green-solid-cotton-shirt,Shirts,1140.0,0,1140.0,3.71,271,Synthetic Product Catalog,https://synthetic.example.com/source/135,2026-07-28
136,Grey Classic Accessories Set,11,https://synthetic.example.com/products/136-grey-classic-accessories-set,Jackets,1010.0,35,656.5,4.09,101,Synthetic Product Catalog,https://synthetic.example.com/source/136,2026-07-12
137,Cream Premium Accessories Set,12,https://synthetic.example.com/products/137-cream-premium-accessories-set,Accessories,2270.0,10,2043.0,3.37,333,Synthetic Product Catalog,https://synthetic.example.com/source/137,2026-07-15
138,Beige Formal Cotton Trouser,4,https://synthetic.example.com/products/138-beige-formal-cotton-trouser,T-Shirts,2480.0,20,1984.0,4.22,126,Synthetic Product Catalog,https://synthetic.example.com/source/138,2026-07-01
139,White Leather Finish Wallet,11,https://synthetic.example.com/products/139-white-leather-finish-wallet,Jackets,850.0,5,807.5,5.0,465,Synthetic Product Catalog,https://synthetic.example.com/source/139,2026-07-18
140,Maroon Premium Chino Trouser,4,https://synthetic.example.com/products/140-maroon-premium-chino-trouser,T-Shirts,2570.0,20,2056.0,4.38,936,Synthetic Product Catalog,https://synthetic.example.com/source/140,2026-06-15
141,Blue Relaxed Fit Jacket,8,https://synthetic.example.com/products/141-blue-relaxed-fit-jacket,Tops,4350.0,35,2827.5,3.9,147,Synthetic Product Catalog,https://synthetic.example.com/source/141,2026-06-22
142,Pink Washed Casual Jeans,3,https://synthetic.example.com/products/142-pink-washed-casual-jeans,Jeans,1430.0,25,1072.5,3.91,327,Synthetic Product Catalog,https://synthetic.example.com/source/142,2026-06-29
143,Olive Fashion Essentials Set,12,https://synthetic.example.com/products/143-olive-fashion-essentials-set,Accessories,380.0,35,247.0,3.73,104,Synthetic Product Catalog,https://synthetic.example.com/source/143,2026-07-07
144,Black Classic Cotton Shirt,1,https://synthetic.example.com/products/144-black-classic-cotton-shirt,Shirts,910.0,20,728.0,4.01,746,Synthetic Product Catalog,https://synthetic.example.com/source/144,2026-07-18
145,Brown Premium Casual Shirt,1,https://synthetic.example.com/products/145-brown-premium-casual-shirt,Shirts,990.0,15,841.5,4.57,105,Synthetic Product Catalog,https://synthetic.example.com/source/145,2026-07-29
146,Navy Printed Cotton Top,6,https://synthetic.example.com/products/146-navy-printed-cotton-top,Trousers,1240.0,15,1054.0,4.39,264,Synthetic Product Catalog,https://synthetic.example.com/source/146,2026-07-20
147,Green Relaxed Fit Trouser,4,https://synthetic.example.com/products/147-green-relaxed-fit-trouser,T-Shirts,2720.0,0,2720.0,4.01,72,Synthetic Product Catalog,https://synthetic.example.com/source/147,2026-07-26
148,Grey Linen Blend Shirt,1,https://synthetic.example.com/products/148-grey-linen-blend-shirt,Shirts,1530.0,30,1071.0,3.64,202,Synthetic Product Catalog,https://synthetic.example.com/source/148,2026-07-13
149,Cream Premium Denim Jeans,3,https://synthetic.example.com/products/149-cream-premium-denim-jeans,Jeans,1760.0,20,1408.0,3.68,970,Synthetic Product Catalog,https://synthetic.example.com/source/149,2026-07-13
150,Beige Kids Polo T-Shirt,9,https://synthetic.example.com/products/150-beige-kids-polo-t-shirt,T-Shirts,1420.0,0,1420.0,3.6,344,Synthetic Product Catalog,https://synthetic.example.com/source/150,2026-07-13
151,White Straight Fit Jeans,3,https://synthetic.example.com/products/151-white-straight-fit-jeans,Jeans,1310.0,5,1244.5,4.23,303,Synthetic Product Catalog,https://synthetic.example.com/source/151,2026-07-23
152,Maroon Classic Fashion Accessories,12,https://synthetic.example.com/products/152-maroon-classic-fashion-accessories,Accessories,370.0,5,351.5,3.09,514,Synthetic Product Catalog,https://synthetic.example.com/source/152,2026-07-21
153,Blue Premium Graphic T-Shirt,2,https://synthetic.example.com/products/153-blue-premium-graphic-t-shirt,T-Shirts,1270.0,30,889.0,4.14,642,Synthetic Product Catalog,https://synthetic.example.com/source/153,2026-06-28
154,Pink Premium Midi Skirt,7,https://synthetic.example.com/products/154-pink-premium-midi-skirt,Dresses,1080.0,30,756.0,3.7,228,Synthetic Product Catalog,https://synthetic.example.com/source/154,2026-06-25
155,Olive Stretch Denim Jeans,3,https://synthetic.example.com/products/155-olive-stretch-denim-jeans,Jeans,2240.0,20,1792.0,4.9,933,Synthetic Product Catalog,https://synthetic.example.com/source/155,2026-06-07
156,Black Essential Kids Tee,9,https://synthetic.example.com/products/156-black-essential-kids-tee,T-Shirts,750.0,30,525.0,4.3,917,Synthetic Product Catalog,https://synthetic.example.com/source/156,2026-06-14
157,Brown Relaxed Fit Skirt,7,https://synthetic.example.com/products/157-brown-relaxed-fit-skirt,Dresses,1340.0,0,1340.0,4.25,43,Synthetic Product Catalog,https://synthetic.example.com/source/157,2026-07-08
158,Navy Relaxed Fit Dress,5,https://synthetic.example.com/products/158-navy-relaxed-fit-dress,Shirts,1500.0,25,1125.0,4.86,1675,Synthetic Product Catalog,https://synthetic.example.com/source/158,2026-07-31
159,Green Textured Men's Jacket,10,https://synthetic.example.com/products/159-green-textured-mens-jacket,Skirts,4610.0,20,3688.0,4.11,307,Synthetic Product Catalog,https://synthetic.example.com/source/159,2026-07-13
160,Grey Classic Kids T-Shirt,9,https://synthetic.example.com/products/160-grey-classic-kids-t-shirt,T-Shirts,590.0,20,472.0,3.51,204,Synthetic Product Catalog,https://synthetic.example.com/source/160,2026-06-21
161,Cream Premium Accessories Set,12,https://synthetic.example.com/products/161-cream-premium-accessories-set,Accessories,2480.0,20,1984.0,4.11,322,Synthetic Product Catalog,https://synthetic.example.com/source/161,2026-08-01
162,Beige Oversized Cotton Tee,2,https://synthetic.example.com/products/162-beige-oversized-cotton-tee,T-Shirts,1200.0,25,900.0,4.03,116,Synthetic Product Catalog,https://synthetic.example.com/source/162,2026-06-10
163,White Relaxed Fit Top,6,https://synthetic.example.com/products/163-white-relaxed-fit-top,Trousers,1230.0,25,922.5,3.3,178,Synthetic Product Catalog,https://synthetic.example.com/source/163,2026-06-27
164,Maroon Linen Blend Shirt,1,https://synthetic.example.com/products/164-maroon-linen-blend-shirt,Shirts,1190.0,30,833.0,4.12,108,Synthetic Product Catalog,https://synthetic.example.com/source/164,2026-06-27
165,Blue Premium Denim Jeans,3,https://synthetic.example.com/products/165-blue-premium-denim-jeans,Jeans,2110.0,25,1582.5,4.68,860,Synthetic Product Catalog,https://synthetic.example.com/source/165,2026-06-29
166,Pink Textured Formal Trouser,4,https://synthetic.example.com/products/166-pink-textured-formal-trouser,T-Shirts,2970.0,15,2524.5,4.2,209,Synthetic Product Catalog,https://synthetic.example.com/source/166,2026-06-17
167,Olive Solid Cotton Shirt,1,https://synthetic.example.com/products/167-olive-solid-cotton-shirt,Shirts,1680.0,15,1428.0,3.82,319,Synthetic Product Catalog,https://synthetic.example.com/source/167,2026-06-15
168,Black Classic Denim Jacket,8,https://synthetic.example.com/products/168-black-classic-denim-jacket,Tops,3890.0,5,3695.5,3.59,135,Synthetic Product Catalog,https://synthetic.example.com/source/168,2026-07-09
169,Brown Printed Kids Tee,9,https://synthetic.example.com/products/169-brown-printed-kids-tee,T-Shirts,1340.0,35,871.0,3.58,26,Synthetic Product Catalog,https://synthetic.example.com/source/169,2026-07-21
170,Navy Casual Cap,11,https://synthetic.example.com/products/170-navy-casual-cap,Jackets,1790.0,15,1521.5,4.05,834,Synthetic Product Catalog,https://synthetic.example.com/source/170,2026-06-18
171,Green Lightweight Casual Jacket,8,https://synthetic.example.com/products/171-green-lightweight-casual-jacket,Tops,4240.0,20,3392.0,3.59,150,Synthetic Product Catalog,https://synthetic.example.com/source/171,2026-06-19
172,Grey Essential Kids Tee,9,https://synthetic.example.com/products/172-grey-essential-kids-tee,T-Shirts,1280.0,5,1216.0,4.74,1820,Synthetic Product Catalog,https://synthetic.example.com/source/172,2026-06-11
173,Cream Oversized Casual Top,6,https://synthetic.example.com/products/173-cream-oversized-casual-top,Trousers,2460.0,15,2091.0,4.89,272,Synthetic Product Catalog,https://synthetic.example.com/source/173,2026-07-31
174,Beige Textured Casual Jacket,8,https://synthetic.example.com/products/174-beige-textured-casual-jacket,Tops,2620.0,20,2096.0,4.48,135,Synthetic Product Catalog,https://synthetic.example.com/source/174,2026-07-09
175,White Solid Cotton Shirt,1,https://synthetic.example.com/products/175-white-solid-cotton-shirt,Shirts,2390.0,20,1912.0,4.51,284,Synthetic Product Catalog,https://synthetic.example.com/source/175,2026-06-26
176,Maroon Classic Summer Dress,5,https://synthetic.example.com/products/176-maroon-classic-summer-dress,Shirts,1390.0,10,1251.0,4.29,37,Synthetic Product Catalog,https://synthetic.example.com/source/176,2026-07-09
177,Blue Premium Casual Shirt,1,https://synthetic.example.com/products/177-blue-premium-casual-shirt,Shirts,1210.0,5,1149.5,4.07,270,Synthetic Product Catalog,https://synthetic.example.com/source/177,2026-06-05
178,Pink Premium Midi Dress,5,https://synthetic.example.com/products/178-pink-premium-midi-dress,Shirts,1610.0,10,1449.0,3.92,133,Synthetic Product Catalog,https://synthetic.example.com/source/178,2026-07-16
179,Olive Relaxed Fit Top,6,https://synthetic.example.com/products/179-olive-relaxed-fit-top,Trousers,780.0,20,624.0,4.43,288,Synthetic Product Catalog,https://synthetic.example.com/source/179,2026-07-17
180,Black Essential Kids Tee,9,https://synthetic.example.com/products/180-black-essential-kids-tee,T-Shirts,520.0,10,468.0,4.0,220,Synthetic Product Catalog,https://synthetic.example.com/source/180,2026-07-03
181,Brown Stretch Casual Trouser,4,https://synthetic.example.com/products/181-brown-stretch-casual-trouser,T-Shirts,2800.0,40,1680.0,3.6,68,Synthetic Product Catalog,https://synthetic.example.com/source/181,2026-06-10
182,Navy Textured Casual Jacket,8,https://synthetic.example.com/products/182-navy-textured-casual-jacket,Tops,1980.0,15,1683.0,3.91,19,Synthetic Product Catalog,https://synthetic.example.com/source/182,2026-07-28
183,Green Textured Men's Jacket,10,https://synthetic.example.com/products/183-green-textured-mens-jacket,Skirts,3660.0,20,2928.0,3.92,249,Synthetic Product Catalog,https://synthetic.example.com/source/183,2026-06-12
184,Grey Classic Women's Top,6,https://synthetic.example.com/products/184-grey-classic-womens-top,Trousers,2230.0,20,1784.0,3.71,366,Synthetic Product Catalog,https://synthetic.example.com/source/184,2026-07-23
185,Cream Premium Fashion Belt,11,https://synthetic.example.com/products/185-cream-premium-fashion-belt,Jackets,990.0,25,742.5,4.03,1206,Synthetic Product Catalog,https://synthetic.example.com/source/185,2026-07-10
186,Beige Oversized Denim Jacket,8,https://synthetic.example.com/products/186-beige-oversized-denim-jacket,Tops,1920.0,35,1248.0,3.53,231,Synthetic Product Catalog,https://synthetic.example.com/source/186,2026-06-06
187,White Stretch Denim Jeans,3,https://synthetic.example.com/products/187-white-stretch-denim-jeans,Jeans,1610.0,15,1368.5,4.35,142,Synthetic Product Catalog,https://synthetic.example.com/source/187,2026-06-12
188,Maroon Everyday Fashion Bag,11,https://synthetic.example.com/products/188-maroon-everyday-fashion-bag,Jackets,1750.0,30,1225.0,3.67,381,Synthetic Product Catalog,https://synthetic.example.com/source/188,2026-06-20
189,Blue Comfort Fit T-Shirt,9,https://synthetic.example.com/products/189-blue-comfort-fit-t-shirt,T-Shirts,670.0,10,603.0,3.71,255,Synthetic Product Catalog,https://synthetic.example.com/source/189,2026-07-18
190,Pink Checked Casual Shirt,1,https://synthetic.example.com/products/190-pink-checked-casual-shirt,Shirts,1680.0,20,1344.0,4.02,371,Synthetic Product Catalog,https://synthetic.example.com/source/190,2026-06-16
191,Olive Textured Men's Jacket,10,https://synthetic.example.com/products/191-olive-textured-mens-jacket,Skirts,1960.0,5,1862.0,4.3,843,Synthetic Product Catalog,https://synthetic.example.com/source/191,2026-07-06
192,Black Classic Accessories Set,11,https://synthetic.example.com/products/192-black-classic-accessories-set,Jackets,580.0,20,464.0,3.58,200,Synthetic Product Catalog,https://synthetic.example.com/source/192,2026-06-05
193,Brown Premium Fashion Belt,11,https://synthetic.example.com/products/193-brown-premium-fashion-belt,Jackets,500.0,35,325.0,4.5,449,Synthetic Product Catalog,https://synthetic.example.com/source/193,2026-07-31
194,Navy Oxford Formal Shirt,1,https://synthetic.example.com/products/194-navy-oxford-formal-shirt,Shirts,1480.0,20,1184.0,4.25,13,Synthetic Product Catalog,https://synthetic.example.com/source/194,2026-07-05
195,Green Regular Fit T-Shirt,2,https://synthetic.example.com/products/195-green-regular-fit-t-shirt,T-Shirts,1460.0,20,1168.0,4.3,424,Synthetic Product Catalog,https://synthetic.example.com/source/195,2026-06-13
196,Grey Essential Kids Tee,9,https://synthetic.example.com/products/196-grey-essential-kids-tee,T-Shirts,450.0,15,382.5,3.88,2236,Synthetic Product Catalog,https://synthetic.example.com/source/196,2026-07-12
197,Cream Textured Casual Shirt,1,https://synthetic.example.com/products/197-cream-textured-casual-shirt,Shirts,2150.0,10,1935.0,4.16,93,Synthetic Product Catalog,https://synthetic.example.com/source/197,2026-06-17
198,Beige Textured Formal Trouser,4,https://synthetic.example.com/products/198-beige-textured-formal-trouser,T-Shirts,1000.0,40,600.0,3.98,115,Synthetic Product Catalog,https://synthetic.example.com/source/198,2026-06-24
199,White Party Wear Dress,5,https://synthetic.example.com/products/199-white-party-wear-dress,Shirts,1390.0,5,1320.5,4.05,309,Synthetic Product Catalog,https://synthetic.example.com/source/199,2026-07-05
200,Maroon Classic Cotton Tee,2,https://synthetic.example.com/products/200-maroon-classic-cotton-tee,T-Shirts,910.0,25,682.5,4.6,186,Synthetic Product Catalog,https://synthetic.example.com/source/200,2026-06-07
201,Blue Premium Casual Jacket,8,https://synthetic.example.com/products/201-blue-premium-casual-jacket,Tops,3150.0,35,2047.5,3.41,262,Synthetic Product Catalog,https://synthetic.example.com/source/201,2026-06-27
202,Pink Oversized Cotton Tee,2,https://synthetic.example.com/products/202-pink-oversized-cotton-tee,T-Shirts,1600.0,0,1600.0,3.47,295,Synthetic Product Catalog,https://synthetic.example.com/source/202,2026-06-22
203,Olive Graphic Casual Tee,9,https://synthetic.example.com/products/203-olive-graphic-casual-tee,T-Shirts,1490.0,20,1192.0,3.88,566,Synthetic Product Catalog,https://synthetic.example.com/source/203,2026-06-18
204,Black Cotton Everyday Dress,5,https://synthetic.example.com/products/204-black-cotton-everyday-dress,Shirts,2100.0,25,1575.0,4.05,352,Synthetic Product Catalog,https://synthetic.example.com/source/204,2026-06-06
205,Brown Essential Crew Neck T-Shirt,2,https://synthetic.example.com/products/205-brown-essential-crew-neck-t-shirt,T-Shirts,1160.0,35,754.0,4.47,257,Synthetic Product Catalog,https://synthetic.example.com/source/205,2026-06-19
206,Navy Relaxed Fit Dress,5,https://synthetic.example.com/products/206-navy-relaxed-fit-dress,Shirts,2220.0,20,1776.0,4.1,352,Synthetic Product Catalog,https://synthetic.example.com/source/206,2026-07-12
207,Green Everyday Cotton Trouser,4,https://synthetic.example.com/products/207-green-everyday-cotton-trouser,T-Shirts,2310.0,25,1732.5,4.27,75,Synthetic Product Catalog,https://synthetic.example.com/source/207,2026-06-22
208,Grey Classic Men's Jacket,10,https://synthetic.example.com/products/208-grey-classic-mens-jacket,Skirts,4220.0,30,2954.0,3.63,79,Synthetic Product Catalog,https://synthetic.example.com/source/208,2026-07-21
209,Cream Regular Fit Jeans,3,https://synthetic.example.com/products/209-cream-regular-fit-jeans,Jeans,1830.0,5,1738.5,4.38,376,Synthetic Product Catalog,https://synthetic.example.com/source/209,2026-07-25
210,Beige Casual Cap,11,https://synthetic.example.com/products/210-beige-casual-cap,Jackets,640.0,20,512.0,3.15,133,Synthetic Product Catalog,https://synthetic.example.com/source/210,2026-06-08
211,White Cotton Everyday Skirt,7,https://synthetic.example.com/products/211-white-cotton-everyday-skirt,Dresses,1230.0,25,922.5,4.57,916,Synthetic Product Catalog,https://synthetic.example.com/source/211,2026-06-26
212,Maroon Printed Casual Skirt,7,https://synthetic.example.com/products/212-maroon-printed-casual-skirt,Dresses,1960.0,0,1960.0,3.86,235,Synthetic Product Catalog,https://synthetic.example.com/source/212,2026-07-09
213,Blue Premium Fashion Wallet,12,https://synthetic.example.com/products/213-blue-premium-fashion-wallet,Accessories,1280.0,35,832.0,4.4,103,Synthetic Product Catalog,https://synthetic.example.com/source/213,2026-06-26
214,Pink Cotton Casual Cap,11,https://synthetic.example.com/products/214-pink-cotton-casual-cap,Jackets,1130.0,25,847.5,3.76,97,Synthetic Product Catalog,https://synthetic.example.com/source/214,2026-06-30
215,Olive Party Wear Dress,5,https://synthetic.example.com/products/215-olive-party-wear-dress,Shirts,3770.0,30,2639.0,4.3,75,Synthetic Product Catalog,https://synthetic.example.com/source/215,2026-06-08
216,Black Classic Fashion Accessories,12,https://synthetic.example.com/products/216-black-classic-fashion-accessories,Accessories,1980.0,20,1584.0,3.48,927,Synthetic Product Catalog,https://synthetic.example.com/source/216,2026-06-17
217,Brown Premium Casual Jacket,8,https://synthetic.example.com/products/217-brown-premium-casual-jacket,Tops,2510.0,10,2259.0,4.3,225,Synthetic Product Catalog,https://synthetic.example.com/source/217,2026-06-24
218,Navy Formal Cotton Trouser,4,https://synthetic.example.com/products/218-navy-formal-cotton-trouser,T-Shirts,2630.0,30,1841.0,3.81,219,Synthetic Product Catalog,https://synthetic.example.com/source/218,2026-07-19
219,Green Regular Fit Shirt,1,https://synthetic.example.com/products/219-green-regular-fit-shirt,Shirts,2150.0,30,1505.0,4.07,204,Synthetic Product Catalog,https://synthetic.example.com/source/219,2026-07-12
220,Grey Cotton Utility Jacket,8,https://synthetic.example.com/products/220-grey-cotton-utility-jacket,Tops,2860.0,40,1716.0,3.69,283,Synthetic Product Catalog,https://synthetic.example.com/source/220,2026-07-26
221,Cream Textured Casual Shirt,1,https://synthetic.example.com/products/221-cream-textured-casual-shirt,Shirts,1850.0,35,1202.5,4.75,370,Synthetic Product Catalog,https://synthetic.example.com/source/221,2026-07-07
222,Beige Lifestyle Accessories,12,https://synthetic.example.com/products/222-beige-lifestyle-accessories,Accessories,2040.0,10,1836.0,4.15,168,Synthetic Product Catalog,https://synthetic.example.com/source/222,2026-07-24
223,White Essential Cotton Top,6,https://synthetic.example.com/products/223-white-essential-cotton-top,Trousers,2200.0,10,1980.0,3.98,134,Synthetic Product Catalog,https://synthetic.example.com/source/223,2026-07-26
224,Maroon Slim Fit Denim Jeans,3,https://synthetic.example.com/products/224-maroon-slim-fit-denim-jeans,Jeans,2780.0,25,2085.0,3.8,792,Synthetic Product Catalog,https://synthetic.example.com/source/224,2026-07-02
225,Blue Premium Graphic T-Shirt,2,https://synthetic.example.com/products/225-blue-premium-graphic-t-shirt,T-Shirts,1450.0,40,870.0,4.66,882,Synthetic Product Catalog,https://synthetic.example.com/source/225,2026-07-27
226,Pink Classic Blue Jeans,3,https://synthetic.example.com/products/226-pink-classic-blue-jeans,Jeans,1320.0,25,990.0,3.61,445,Synthetic Product Catalog,https://synthetic.example.com/source/226,2026-07-07
227,Olive Graphic Casual Tee,9,https://synthetic.example.com/products/227-olive-graphic-casual-tee,T-Shirts,1300.0,15,1105.0,4.48,1212,Synthetic Product Catalog,https://synthetic.example.com/source/227,2026-06-13
228,Black Essential Kids Tee,9,https://synthetic.example.com/products/228-black-essential-kids-tee,T-Shirts,940.0,35,611.0,4.15,274,Synthetic Product Catalog,https://synthetic.example.com/source/228,2026-06-14
229,Brown Premium Sunglasses,11,https://synthetic.example.com/products/229-brown-premium-sunglasses,Jackets,560.0,20,448.0,3.66,351,Synthetic Product Catalog,https://synthetic.example.com/source/229,2026-07-27
230,Navy Washed Casual Jeans,3,https://synthetic.example.com/products/230-navy-washed-casual-jeans,Jeans,2200.0,30,1540.0,4.02,187,Synthetic Product Catalog,https://synthetic.example.com/source/230,2026-08-01
231,Green Everyday Cotton Tee,9,https://synthetic.example.com/products/231-green-everyday-cotton-tee,T-Shirts,580.0,5,551.0,3.16,79,Synthetic Product Catalog,https://synthetic.example.com/source/231,2026-06-13
232,Grey Classic Denim Skirt,7,https://synthetic.example.com/products/232-grey-classic-denim-skirt,Dresses,2190.0,5,2080.5,4.03,894,Synthetic Product Catalog,https://synthetic.example.com/source/232,2026-06-30
233,Cream Premium Casual Jacket,8,https://synthetic.example.com/products/233-cream-premium-casual-jacket,Tops,4130.0,20,3304.0,4.1,1398,Synthetic Product Catalog,https://synthetic.example.com/source/233,2026-07-17
234,Beige Formal Cotton Trouser,4,https://synthetic.example.com/products/234-beige-formal-cotton-trouser,T-Shirts,1440.0,10,1296.0,4.11,501,Synthetic Product Catalog,https://synthetic.example.com/source/234,2026-07-10
235,White Lightweight Utility Jacket,10,https://synthetic.example.com/products/235-white-lightweight-utility-jacket,Skirts,2120.0,10,1908.0,4.56,335,Synthetic Product Catalog,https://synthetic.example.com/source/235,2026-07-27
236,Maroon Essential Kids Tee,9,https://synthetic.example.com/products/236-maroon-essential-kids-tee,T-Shirts,550.0,25,412.5,4.41,301,Synthetic Product Catalog,https://synthetic.example.com/source/236,2026-06-03
237,Blue Premium Denim Jeans,3,https://synthetic.example.com/products/237-blue-premium-denim-jeans,Jeans,3440.0,30,2408.0,3.46,64,Synthetic Product Catalog,https://synthetic.example.com/source/237,2026-06-10
238,Pink Textured Women's Top,6,https://synthetic.example.com/products/238-pink-textured-womens-top,Trousers,1220.0,25,915.0,3.66,94,Synthetic Product Catalog,https://synthetic.example.com/source/238,2026-06-23
239,Olive Party Wear Dress,5,https://synthetic.example.com/products/239-olive-party-wear-dress,Shirts,3130.0,0,3130.0,3.94,76,Synthetic Product Catalog,https://synthetic.example.com/source/239,2026-06-13
240,Black Classic Summer Dress,5,https://synthetic.example.com/products/240-black-classic-summer-dress,Shirts,1780.0,15,1513.0,4.06,50,Synthetic Product Catalog,https://synthetic.example.com/source/240,2026-07-03
241,Brown Floral Casual Dress,5,https://synthetic.example.com/products/241-brown-floral-casual-dress,Shirts,2160.0,10,1944.0,4.29,70,Synthetic Product Catalog,https://synthetic.example.com/source/241,2026-06-29
242,Navy Printed Cotton Top,6,https://synthetic.example.com/products/242-navy-printed-cotton-top,Trousers,1920.0,0,1920.0,4.1,63,Synthetic Product Catalog,https://synthetic.example.com/source/242,2026-06-29
243,Green Lightweight Casual Jacket,8,https://synthetic.example.com/products/243-green-lightweight-casual-jacket,Tops,3760.0,10,3384.0,4.04,1143,Synthetic Product Catalog,https://synthetic.example.com/source/243,2026-06-09
244,Grey Cotton Casual Jacket,10,https://synthetic.example.com/products/244-grey-cotton-casual-jacket,Skirts,4770.0,0,4770.0,4.97,2159,Synthetic Product Catalog,https://synthetic.example.com/source/244,2026-07-04
245,Cream Oversized Casual Top,6,https://synthetic.example.com/products/245-cream-oversized-casual-top,Trousers,1920.0,10,1728.0,3.62,59,Synthetic Product Catalog,https://synthetic.example.com/source/245,2026-07-21
246,Beige Textured Polo T-Shirt,2,https://synthetic.example.com/products/246-beige-textured-polo-t-shirt,T-Shirts,730.0,5,693.5,3.81,118,Synthetic Product Catalog,https://synthetic.example.com/source/246,2026-07-07
247,White Party Wear Dress,5,https://synthetic.example.com/products/247-white-party-wear-dress,Shirts,1160.0,15,986.0,4.23,628,Synthetic Product Catalog,https://synthetic.example.com/source/247,2026-07-11
248,Maroon Classic Women's Top,6,https://synthetic.example.com/products/248-maroon-classic-womens-top,Trousers,2300.0,35,1495.0,2.91,44,Synthetic Product Catalog,https://synthetic.example.com/source/248,2026-07-20
249,Blue Premium Casual Shirt,1,https://synthetic.example.com/products/249-blue-premium-casual-shirt,Shirts,1850.0,5,1757.5,4.7,275,Synthetic Product Catalog,https://synthetic.example.com/source/249,2026-07-26
250,Pink Oversized Cotton Tee,2,https://synthetic.example.com/products/250-pink-oversized-cotton-tee,T-Shirts,1180.0,40,708.0,3.69,381,Synthetic Product Catalog,https://synthetic.example.com/source/250,2026-06-13
251,Olive Regular Fit Shirt,1,https://synthetic.example.com/products/251-olive-regular-fit-shirt,Shirts,2410.0,20,1928.0,4.35,153,Synthetic Product Catalog,https://synthetic.example.com/source/251,2026-07-13
252,Black Cotton Casual Jacket,10,https://synthetic.example.com/products/252-black-cotton-casual-jacket,Skirts,3240.0,20,2592.0,3.07,204,Synthetic Product Catalog,https://synthetic.example.com/source/252,2026-06-04
253,Brown Relaxed Fit Jacket,10,https://synthetic.example.com/products/253-brown-relaxed-fit-jacket,Skirts,3550.0,5,3372.5,4.36,494,Synthetic Product Catalog,https://synthetic.example.com/source/253,2026-07-09
254,Navy Lifestyle Accessories,12,https://synthetic.example.com/products/254-navy-lifestyle-accessories,Accessories,2200.0,20,1760.0,4.86,174,Synthetic Product Catalog,https://synthetic.example.com/source/254,2026-07-26
255,Green Essential Cotton Top,6,https://synthetic.example.com/products/255-green-essential-cotton-top,Trousers,1840.0,35,1196.0,3.29,169,Synthetic Product Catalog,https://synthetic.example.com/source/255,2026-07-07
256,Grey Classic Men's Jacket,10,https://synthetic.example.com/products/256-grey-classic-mens-jacket,Skirts,3080.0,20,2464.0,3.74,309,Synthetic Product Catalog,https://synthetic.example.com/source/256,2026-07-13
257,Cream Floral Casual Dress,5,https://synthetic.example.com/products/257-cream-floral-casual-dress,Shirts,1960.0,15,1666.0,4.08,1421,Synthetic Product Catalog,https://synthetic.example.com/source/257,2026-06-29
258,Beige Formal Cotton Trouser,4,https://synthetic.example.com/products/258-beige-formal-cotton-trouser,T-Shirts,2450.0,15,2082.5,4.46,174,Synthetic Product Catalog,https://synthetic.example.com/source/258,2026-07-23
259,White Lightweight Utility Jacket,10,https://synthetic.example.com/products/259-white-lightweight-utility-jacket,Skirts,2400.0,30,1680.0,4.4,515,Synthetic Product Catalog,https://synthetic.example.com/source/259,2026-06-17
260,Maroon Printed Casual Tee,2,https://synthetic.example.com/products/260-maroon-printed-casual-tee,T-Shirts,570.0,35,370.5,3.93,349,Synthetic Product Catalog,https://synthetic.example.com/source/260,2026-06-22
261,Blue Premium Fashion Wallet,12,https://synthetic.example.com/products/261-blue-premium-fashion-wallet,Accessories,310.0,0,310.0,4.83,425,Synthetic Product Catalog,https://synthetic.example.com/source/261,2026-06-28
262,Pink Checked Casual Shirt,1,https://synthetic.example.com/products/262-pink-checked-casual-shirt,Shirts,2060.0,30,1442.0,3.19,432,Synthetic Product Catalog,https://synthetic.example.com/source/262,2026-07-31
263,Olive Essential Cotton Top,6,https://synthetic.example.com/products/263-olive-essential-cotton-top,Trousers,2110.0,15,1793.5,4.09,1855,Synthetic Product Catalog,https://synthetic.example.com/source/263,2026-08-01
264,Black Classic Accessories Set,11,https://synthetic.example.com/products/264-black-classic-accessories-set,Jackets,760.0,10,684.0,3.92,28,Synthetic Product Catalog,https://synthetic.example.com/source/264,2026-06-29
265,Brown Regular Fit Jeans,3,https://synthetic.example.com/products/265-brown-regular-fit-jeans,Jeans,3420.0,40,2052.0,3.8,73,Synthetic Product Catalog,https://synthetic.example.com/source/265,2026-06-30
266,Navy Everyday Fashion Belt,12,https://synthetic.example.com/products/266-navy-everyday-fashion-belt,Accessories,2230.0,15,1895.5,2.95,333,Synthetic Product Catalog,https://synthetic.example.com/source/266,2026-06-27
267,Green Cotton Everyday Skirt,7,https://synthetic.example.com/products/267-green-cotton-everyday-skirt,Dresses,1760.0,40,1056.0,3.65,766,Synthetic Product Catalog,https://synthetic.example.com/source/267,2026-07-04
268,Grey Minimal Accessories Set,12,https://synthetic.example.com/products/268-grey-minimal-accessories-set,Accessories,1220.0,5,1159.0,4.46,138,Synthetic Product Catalog,https://synthetic.example.com/source/268,2026-07-10
269,Cream Textured Casual Shirt,1,https://synthetic.example.com/products/269-cream-textured-casual-shirt,Shirts,1320.0,30,924.0,4.01,357,Synthetic Product Catalog,https://synthetic.example.com/source/269,2026-07-15
270,Beige Pleated Fashion Skirt,7,https://synthetic.example.com/products/270-beige-pleated-fashion-skirt,Dresses,1970.0,10,1773.0,3.85,230,Synthetic Product Catalog,https://synthetic.example.com/source/270,2026-07-05
271,White Textured Men's Jacket,10,https://synthetic.example.com/products/271-white-textured-mens-jacket,Skirts,1640.0,20,1312.0,4.23,52,Synthetic Product Catalog,https://synthetic.example.com/source/271,2026-06-25
272,Maroon Classic Women's Top,6,https://synthetic.example.com/products/272-maroon-classic-womens-top,Trousers,1040.0,15,884.0,3.62,532,Synthetic Product Catalog,https://synthetic.example.com/source/272,2026-07-24
273,Blue Regular Fit Jeans,3,https://synthetic.example.com/products/273-blue-regular-fit-jeans,Jeans,3060.0,40,1836.0,4.31,509,Synthetic Product Catalog,https://synthetic.example.com/source/273,2026-07-08
274,Pink Everyday Fashion Belt,12,https://synthetic.example.com/products/274-pink-everyday-fashion-belt,Accessories,1690.0,15,1436.5,4.29,407,Synthetic Product Catalog,https://synthetic.example.com/source/274,2026-06-10
275,Olive Stretch Denim Jeans,3,https://synthetic.example.com/products/275-olive-stretch-denim-jeans,Jeans,3480.0,35,2262.0,4.25,125,Synthetic Product Catalog,https://synthetic.example.com/source/275,2026-06-30
276,Black Printed Casual Skirt,7,https://synthetic.example.com/products/276-black-printed-casual-skirt,Dresses,2330.0,0,2330.0,4.35,73,Synthetic Product Catalog,https://synthetic.example.com/source/276,2026-07-14
277,Brown Premium Sunglasses,11,https://synthetic.example.com/products/277-brown-premium-sunglasses,Jackets,400.0,30,280.0,4.31,180,Synthetic Product Catalog,https://synthetic.example.com/source/277,2026-07-25
278,Navy Checked Casual Shirt,1,https://synthetic.example.com/products/278-navy-checked-casual-shirt,Shirts,1760.0,15,1496.0,3.93,601,Synthetic Product Catalog,https://synthetic.example.com/source/278,2026-06-08
279,Green Straight Fit Jeans,3,https://synthetic.example.com/products/279-green-straight-fit-jeans,Jeans,1910.0,10,1719.0,4.27,84,Synthetic Product Catalog,https://synthetic.example.com/source/279,2026-06-04
280,Grey Slim Fit Denim Jeans,3,https://synthetic.example.com/products/280-grey-slim-fit-denim-jeans,Jeans,3190.0,25,2392.5,3.42,479,Synthetic Product Catalog,https://synthetic.example.com/source/280,2026-07-27
281,Cream Premium Casual Jacket,8,https://synthetic.example.com/products/281-cream-premium-casual-jacket,Tops,4800.0,5,4560.0,4.26,454,Synthetic Product Catalog,https://synthetic.example.com/source/281,2026-06-12
282,Beige Premium Midi Dress,5,https://synthetic.example.com/products/282-beige-premium-midi-dress,Shirts,3700.0,40,2220.0,4.65,16,Synthetic Product Catalog,https://synthetic.example.com/source/282,2026-06-30
283,White Relaxed Fit Top,6,https://synthetic.example.com/products/283-white-relaxed-fit-top,Trousers,1390.0,15,1181.5,4.14,882,Synthetic Product Catalog,https://synthetic.example.com/source/283,2026-07-05
284,Maroon Essential Kids Tee,9,https://synthetic.example.com/products/284-maroon-essential-kids-tee,T-Shirts,1260.0,20,1008.0,3.8,1018,Synthetic Product Catalog,https://synthetic.example.com/source/284,2026-07-28
285,Blue Essential Crew Neck T-Shirt,2,https://synthetic.example.com/products/285-blue-essential-crew-neck-t-shirt,T-Shirts,700.0,10,630.0,4.94,552,Synthetic Product Catalog,https://synthetic.example.com/source/285,2026-07-30
286,Pink Relaxed Fit Dress,5,https://synthetic.example.com/products/286-pink-relaxed-fit-dress,Shirts,3810.0,40,2286.0,4.63,204,Synthetic Product Catalog,https://synthetic.example.com/source/286,2026-07-02
287,Olive Party Wear Dress,5,https://synthetic.example.com/products/287-olive-party-wear-dress,Shirts,1190.0,10,1071.0,4.41,348,Synthetic Product Catalog,https://synthetic.example.com/source/287,2026-07-23
288,Black Classic Casual Trouser,4,https://synthetic.example.com/products/288-black-classic-casual-trouser,T-Shirts,2250.0,10,2025.0,3.91,2223,Synthetic Product Catalog,https://synthetic.example.com/source/288,2026-06-30
289,Brown Premium Casual Jacket,8,https://synthetic.example.com/products/289-brown-premium-casual-jacket,Tops,4820.0,15,4097.0,3.72,2114,Synthetic Product Catalog,https://synthetic.example.com/source/289,2026-06-11
290,Navy Premium Midi Dress,5,https://synthetic.example.com/products/290-navy-premium-midi-dress,Shirts,3840.0,15,3264.0,4.0,198,Synthetic Product Catalog,https://synthetic.example.com/source/290,2026-07-06
291,Green Relaxed Fit Top,6,https://synthetic.example.com/products/291-green-relaxed-fit-top,Trousers,1280.0,25,960.0,3.69,514,Synthetic Product Catalog,https://synthetic.example.com/source/291,2026-07-22
292,Grey Cotton Casual Jacket,10,https://synthetic.example.com/products/292-grey-cotton-casual-jacket,Skirts,4030.0,10,3627.0,3.98,96,Synthetic Product Catalog,https://synthetic.example.com/source/292,2026-07-19
293,Cream Relaxed Fit Jacket,10,https://synthetic.example.com/products/293-cream-relaxed-fit-jacket,Skirts,3240.0,20,2592.0,4.06,159,Synthetic Product Catalog,https://synthetic.example.com/source/293,2026-07-26
294,Beige Textured Formal Trouser,4,https://synthetic.example.com/products/294-beige-textured-formal-trouser,T-Shirts,1970.0,20,1576.0,3.8,333,Synthetic Product Catalog,https://synthetic.example.com/source/294,2026-06-03
295,White Everyday Cotton Tee,9,https://synthetic.example.com/products/295-white-everyday-cotton-tee,T-Shirts,650.0,25,487.5,4.23,2648,Synthetic Product Catalog,https://synthetic.example.com/source/295,2026-06-27
296,Maroon Classic Cotton Shirt,1,https://synthetic.example.com/products/296-maroon-classic-cotton-shirt,Shirts,2320.0,20,1856.0,3.95,402,Synthetic Product Catalog,https://synthetic.example.com/source/296,2026-07-04
297,Blue Printed Kids Tee,9,https://synthetic.example.com/products/297-blue-printed-kids-tee,T-Shirts,1260.0,15,1071.0,4.05,2470,Synthetic Product Catalog,https://synthetic.example.com/source/297,2026-06-24
298,Pink Casual Bomber Jacket,10,https://synthetic.example.com/products/298-pink-casual-bomber-jacket,Skirts,2720.0,25,2040.0,4.53,134,Synthetic Product Catalog,https://synthetic.example.com/source/298,2026-06-25
299,Olive Graphic Casual Tee,9,https://synthetic.example.com/products/299-olive-graphic-casual-tee,T-Shirts,870.0,30,609.0,4.12,69,Synthetic Product Catalog,https://synthetic.example.com/source/299,2026-07-10
300,Black Elegant Everyday Top,6,https://synthetic.example.com/products/300-black-elegant-everyday-top,Trousers,1090.0,25,817.5,4.15,782,Synthetic Product Catalog,https://synthetic.example.com/source/300,2026-07-05
301,Brown Printed Casual Dress,5,https://synthetic.example.com/products/301-brown-printed-casual-dress,Shirts,3240.0,35,2106.0,4.03,2005,Synthetic Product Catalog,https://synthetic.example.com/source/301,2026-06-25
302,Navy Textured Polo T-Shirt,2,https://synthetic.example.com/products/302-navy-textured-polo-t-shirt,T-Shirts,700.0,10,630.0,4.3,462,Synthetic Product Catalog,https://synthetic.example.com/source/302,2026-06-05
303,Green Straight Fit Jeans,3,https://synthetic.example.com/products/303-green-straight-fit-jeans,Jeans,2950.0,25,2212.5,3.74,550,Synthetic Product Catalog,https://synthetic.example.com/source/303,2026-06-10
304,Grey Classic Men's Jacket,10,https://synthetic.example.com/products/304-grey-classic-mens-jacket,Skirts,2010.0,10,1809.0,3.82,228,Synthetic Product Catalog,https://synthetic.example.com/source/304,2026-07-04
305,Cream Printed Kids Tee,9,https://synthetic.example.com/products/305-cream-printed-kids-tee,T-Shirts,1170.0,0,1170.0,3.6,304,Synthetic Product Catalog,https://synthetic.example.com/source/305,2026-06-29
306,Beige Premium Midi Skirt,7,https://synthetic.example.com/products/306-beige-premium-midi-skirt,Dresses,2180.0,20,1744.0,3.85,126,Synthetic Product Catalog,https://synthetic.example.com/source/306,2026-06-18
307,White Elegant Maxi Dress,5,https://synthetic.example.com/products/307-white-elegant-maxi-dress,Shirts,1530.0,20,1224.0,4.32,32,Synthetic Product Catalog,https://synthetic.example.com/source/307,2026-07-11
308,Maroon Everyday Fashion Bag,11,https://synthetic.example.com/products/308-maroon-everyday-fashion-bag,Jackets,830.0,10,747.0,4.13,437,Synthetic Product Catalog,https://synthetic.example.com/source/308,2026-06-17
309,Blue Comfort Fit T-Shirt,9,https://synthetic.example.com/products/309-blue-comfort-fit-t-shirt,T-Shirts,810.0,10,729.0,4.19,125,Synthetic Product Catalog,https://synthetic.example.com/source/309,2026-07-14
310,Pink Relaxed Fit Dress,5,https://synthetic.example.com/products/310-pink-relaxed-fit-dress,Shirts,2930.0,30,2051.0,3.53,13,Synthetic Product Catalog,https://synthetic.example.com/source/310,2026-07-03
311,Olive Essential Cotton Top,6,https://synthetic.example.com/products/311-olive-essential-cotton-top,Trousers,2330.0,30,1631.0,4.59,930,Synthetic Product Catalog,https://synthetic.example.com/source/311,2026-06-09
312,Black Classic Kids T-Shirt,9,https://synthetic.example.com/products/312-black-classic-kids-t-shirt,T-Shirts,920.0,20,736.0,4.35,362,Synthetic Product Catalog,https://synthetic.example.com/source/312,2026-08-01
313,Brown Premium Denim Jacket,10,https://synthetic.example.com/products/313-brown-premium-denim-jacket,Skirts,4430.0,5,4208.5,3.67,474,Synthetic Product Catalog,https://synthetic.example.com/source/313,2026-06-29
314,Navy Oxford Formal Shirt,1,https://synthetic.example.com/products/314-navy-oxford-formal-shirt,Shirts,2490.0,30,1743.0,3.98,563,Synthetic Product Catalog,https://synthetic.example.com/source/314,2026-06-12
315,Green Regular Fit T-Shirt,2,https://synthetic.example.com/products/315-green-regular-fit-t-shirt,T-Shirts,850.0,20,680.0,3.99,41,Synthetic Product Catalog,https://synthetic.example.com/source/315,2026-07-08
316,Grey Minimal Accessories Set,12,https://synthetic.example.com/products/316-grey-minimal-accessories-set,Accessories,950.0,10,855.0,3.39,100,Synthetic Product Catalog,https://synthetic.example.com/source/316,2026-06-29
317,Cream Relaxed Fit Jacket,8,https://synthetic.example.com/products/317-cream-relaxed-fit-jacket,Tops,2910.0,30,2037.0,3.82,112,Synthetic Product Catalog,https://synthetic.example.com/source/317,2026-06-06
318,Beige Kids Polo T-Shirt,9,https://synthetic.example.com/products/318-beige-kids-polo-t-shirt,T-Shirts,1290.0,10,1161.0,3.92,275,Synthetic Product Catalog,https://synthetic.example.com/source/318,2026-07-22
319,White Everyday Cotton Trouser,4,https://synthetic.example.com/products/319-white-everyday-cotton-trouser,T-Shirts,2630.0,10,2367.0,3.81,72,Synthetic Product Catalog,https://synthetic.example.com/source/319,2026-06-22
320,Maroon Classic Denim Skirt,7,https://synthetic.example.com/products/320-maroon-classic-denim-skirt,Dresses,1530.0,20,1224.0,4.11,201,Synthetic Product Catalog,https://synthetic.example.com/source/320,2026-07-17
321,Blue Premium Casual Jacket,8,https://synthetic.example.com/products/321-blue-premium-casual-jacket,Tops,2820.0,30,1974.0,3.53,222,Synthetic Product Catalog,https://synthetic.example.com/source/321,2026-06-16
322,Pink Premium Midi Skirt,7,https://synthetic.example.com/products/322-pink-premium-midi-skirt,Dresses,2490.0,0,2490.0,4.64,243,Synthetic Product Catalog,https://synthetic.example.com/source/322,2026-06-28
323,Olive Graphic Casual Tee,9,https://synthetic.example.com/products/323-olive-graphic-casual-tee,T-Shirts,500.0,15,425.0,3.37,19,Synthetic Product Catalog,https://synthetic.example.com/source/323,2026-06-14
324,Black Relaxed Fit Jeans,3,https://synthetic.example.com/products/324-black-relaxed-fit-jeans,Jeans,1650.0,15,1402.5,3.48,51,Synthetic Product Catalog,https://synthetic.example.com/source/324,2026-07-21
325,Brown Relaxed Fit Skirt,7,https://synthetic.example.com/products/325-brown-relaxed-fit-skirt,Dresses,1970.0,40,1182.0,4.3,362,Synthetic Product Catalog,https://synthetic.example.com/source/325,2026-06-24
326,Navy Washed Casual Jeans,3,https://synthetic.example.com/products/326-navy-washed-casual-jeans,Jeans,1760.0,25,1320.0,4.08,774,Synthetic Product Catalog,https://synthetic.example.com/source/326,2026-06-07
327,Green Party Wear Dress,5,https://synthetic.example.com/products/327-green-party-wear-dress,Shirts,1600.0,10,1440.0,4.71,478,Synthetic Product Catalog,https://synthetic.example.com/source/327,2026-07-04
328,Grey Slim Fit Denim Jeans,3,https://synthetic.example.com/products/328-grey-slim-fit-denim-jeans,Jeans,3290.0,30,2303.0,4.23,201,Synthetic Product Catalog,https://synthetic.example.com/source/328,2026-06-15
329,Cream Premium Graphic T-Shirt,2,https://synthetic.example.com/products/329-cream-premium-graphic-t-shirt,T-Shirts,670.0,35,435.5,4.34,4894,Synthetic Product Catalog,https://synthetic.example.com/source/329,2026-07-17
330,Beige Premium Midi Dress,5,https://synthetic.example.com/products/330-beige-premium-midi-dress,Shirts,2200.0,0,2200.0,4.36,279,Synthetic Product Catalog,https://synthetic.example.com/source/330,2026-06-12
331,White Relaxed Fit Top,6,https://synthetic.example.com/products/331-white-relaxed-fit-top,Trousers,1080.0,35,702.0,4.61,27,Synthetic Product Catalog,https://synthetic.example.com/source/331,2026-06-16
332,Maroon Linen Blend Shirt,1,https://synthetic.example.com/products/332-maroon-linen-blend-shirt,Shirts,880.0,30,616.0,3.55,94,Synthetic Product Catalog,https://synthetic.example.com/source/332,2026-07-19
333,Blue Relaxed Fit Skirt,7,https://synthetic.example.com/products/333-blue-relaxed-fit-skirt,Dresses,1020.0,30,714.0,4.59,48,Synthetic Product Catalog,https://synthetic.example.com/source/333,2026-06-17
334,Pink Lifestyle Accessories,12,https://synthetic.example.com/products/334-pink-lifestyle-accessories,Accessories,2230.0,20,1784.0,3.44,348,Synthetic Product Catalog,https://synthetic.example.com/source/334,2026-07-06
335,Olive Premium Oversized Tee,2,https://synthetic.example.com/products/335-olive-premium-oversized-tee,T-Shirts,870.0,5,826.5,3.43,221,Synthetic Product Catalog,https://synthetic.example.com/source/335,2026-06-18
336,Black Classic Kids T-Shirt,9,https://synthetic.example.com/products/336-black-classic-kids-t-shirt,T-Shirts,1040.0,15,884.0,3.79,139,Synthetic Product Catalog,https://synthetic.example.com/source/336,2026-07-02
337,Brown Premium Denim Jacket,10,https://synthetic.example.com/products/337-brown-premium-denim-jacket,Skirts,4080.0,25,3060.0,3.99,50,Synthetic Product Catalog,https://synthetic.example.com/source/337,2026-07-18
338,Navy Premium Midi Dress,5,https://synthetic.example.com/products/338-navy-premium-midi-dress,Shirts,3880.0,25,2910.0,4.16,2768,Synthetic Product Catalog,https://synthetic.example.com/source/338,2026-06-15
339,Green Elegant Maxi Dress,5,https://synthetic.example.com/products/339-green-elegant-maxi-dress,Shirts,2910.0,20,2328.0,4.64,141,Synthetic Product Catalog,https://synthetic.example.com/source/339,2026-07-11
340,Grey Cotton Utility Jacket,8,https://synthetic.example.com/products/340-grey-cotton-utility-jacket,Tops,4560.0,15,3876.0,3.79,212,Synthetic Product Catalog,https://synthetic.example.com/source/340,2026-07-08
341,Cream Relaxed Fit Jacket,8,https://synthetic.example.com/products/341-cream-relaxed-fit-jacket,Tops,4590.0,15,3901.5,4.0,48,Synthetic Product Catalog,https://synthetic.example.com/source/341,2026-06-04
342,Beige Washed Casual Jeans,3,https://synthetic.example.com/products/342-beige-washed-casual-jeans,Jeans,2710.0,30,1897.0,3.97,54,Synthetic Product Catalog,https://synthetic.example.com/source/342,2026-06-26
343,White Fashion Essentials Set,12,https://synthetic.example.com/products/343-white-fashion-essentials-set,Accessories,1540.0,20,1232.0,3.81,442,Synthetic Product Catalog,https://synthetic.example.com/source/343,2026-06-20
344,Maroon Classic Men's Jacket,10,https://synthetic.example.com/products/344-maroon-classic-mens-jacket,Skirts,1610.0,15,1368.5,4.49,160,Synthetic Product Catalog,https://synthetic.example.com/source/344,2026-06-11
345,Blue Floral Casual Dress,5,https://synthetic.example.com/products/345-blue-floral-casual-dress,Shirts,1770.0,30,1239.0,3.86,67,Synthetic Product Catalog,https://synthetic.example.com/source/345,2026-06-18
346,Pink Premium Midi Skirt,7,https://synthetic.example.com/products/346-pink-premium-midi-skirt,Dresses,2120.0,10,1908.0,3.32,248,Synthetic Product Catalog,https://synthetic.example.com/source/346,2026-07-01
347,Olive Elegant Maxi Dress,5,https://synthetic.example.com/products/347-olive-elegant-maxi-dress,Shirts,3130.0,25,2347.5,3.05,236,Synthetic Product Catalog,https://synthetic.example.com/source/347,2026-06-05
348,Black Printed Casual Tee,2,https://synthetic.example.com/products/348-black-printed-casual-tee,T-Shirts,1080.0,25,810.0,4.56,236,Synthetic Product Catalog,https://synthetic.example.com/source/348,2026-07-04
349,Brown Premium Sunglasses,11,https://synthetic.example.com/products/349-brown-premium-sunglasses,Jackets,890.0,20,712.0,4.05,89,Synthetic Product Catalog,https://synthetic.example.com/source/349,2026-06-14
350,Navy Washed Casual Jeans,3,https://synthetic.example.com/products/350-navy-washed-casual-jeans,Jeans,3320.0,15,2822.0,4.37,70,Synthetic Product Catalog,https://synthetic.example.com/source/350,2026-06-08
351,Green Premium Oversized Tee,2,https://synthetic.example.com/products/351-green-premium-oversized-tee,T-Shirts,660.0,0,660.0,4.97,938,Synthetic Product Catalog,https://synthetic.example.com/source/351,2026-07-27
352,Grey Classic Cotton Shirt,1,https://synthetic.example.com/products/352-grey-classic-cotton-shirt,Shirts,2210.0,20,1768.0,4.13,262,Synthetic Product Catalog,https://synthetic.example.com/source/352,2026-07-25
353,Cream Floral Casual Dress,5,https://synthetic.example.com/products/353-cream-floral-casual-dress,Shirts,2910.0,20,2328.0,3.45,125,Synthetic Product Catalog,https://synthetic.example.com/source/353,2026-06-10
354,Beige Cotton Kids T-Shirt,9,https://synthetic.example.com/products/354-beige-cotton-kids-t-shirt,T-Shirts,910.0,10,819.0,3.73,255,Synthetic Product Catalog,https://synthetic.example.com/source/354,2026-07-12
355,White Relaxed Fit Top,6,https://synthetic.example.com/products/355-white-relaxed-fit-top,Trousers,1140.0,30,798.0,3.51,420,Synthetic Product Catalog,https://synthetic.example.com/source/355,2026-07-23
356,Maroon Cotton Utility Jacket,8,https://synthetic.example.com/products/356-maroon-cotton-utility-jacket,Tops,1770.0,25,1327.5,3.88,579,Synthetic Product Catalog,https://synthetic.example.com/source/356,2026-06-11
357,Blue Oversized Casual Top,6,https://synthetic.example.com/products/357-blue-oversized-casual-top,Trousers,2340.0,15,1989.0,3.85,706,Synthetic Product Catalog,https://synthetic.example.com/source/357,2026-06-21
358,Pink Relaxed Fit Dress,5,https://synthetic.example.com/products/358-pink-relaxed-fit-dress,Shirts,2860.0,25,2145.0,3.64,238,Synthetic Product Catalog,https://synthetic.example.com/source/358,2026-06-29
359,Olive Everyday Cotton Trouser,4,https://synthetic.example.com/products/359-olive-everyday-cotton-trouser,T-Shirts,2350.0,25,1762.5,3.62,77,Synthetic Product Catalog,https://synthetic.example.com/source/359,2026-06-21
360,Black Classic Cotton Shirt,1,https://synthetic.example.com/products/360-black-classic-cotton-shirt,Shirts,950.0,10,855.0,3.69,3747,Synthetic Product Catalog,https://synthetic.example.com/source/360,2026-07-08
361,Brown Premium Denim Jacket,10,https://synthetic.example.com/products/361-brown-premium-denim-jacket,Skirts,4400.0,20,3520.0,4.13,69,Synthetic Product Catalog,https://synthetic.example.com/source/361,2026-07-18
362,Navy Premium Midi Skirt,7,https://synthetic.example.com/products/362-navy-premium-midi-skirt,Dresses,1850.0,35,1202.5,3.49,263,Synthetic Product Catalog,https://synthetic.example.com/source/362,2026-07-03
363,Green Lightweight Casual Jacket,8,https://synthetic.example.com/products/363-green-lightweight-casual-jacket,Tops,4080.0,0,4080.0,4.14,22,Synthetic Product Catalog,https://synthetic.example.com/source/363,2026-06-26
364,Grey Printed Casual Skirt,7,https://synthetic.example.com/products/364-grey-printed-casual-skirt,Dresses,1640.0,20,1312.0,4.6,57,Synthetic Product Catalog,https://synthetic.example.com/source/364,2026-06-07
365,Cream Relaxed Fit Jacket,8,https://synthetic.example.com/products/365-cream-relaxed-fit-jacket,Tops,2260.0,5,2147.0,4.1,329,Synthetic Product Catalog,https://synthetic.example.com/source/365,2026-07-22
366,Beige Relaxed Fit Dress,5,https://synthetic.example.com/products/366-beige-relaxed-fit-dress,Shirts,3200.0,0,3200.0,3.95,208,Synthetic Product Catalog,https://synthetic.example.com/source/366,2026-06-16
367,White Premium Oversized Tee,2,https://synthetic.example.com/products/367-white-premium-oversized-tee,T-Shirts,720.0,25,540.0,4.3,194,Synthetic Product Catalog,https://synthetic.example.com/source/367,2026-06-06
368,Maroon Classic Casual Trouser,4,https://synthetic.example.com/products/368-maroon-classic-casual-trouser,T-Shirts,2520.0,10,2268.0,4.31,263,Synthetic Product Catalog,https://synthetic.example.com/source/368,2026-07-08
369,Blue Premium Graphic T-Shirt,2,https://synthetic.example.com/products/369-blue-premium-graphic-t-shirt,T-Shirts,1600.0,40,960.0,3.21,258,Synthetic Product Catalog,https://synthetic.example.com/source/369,2026-06-17
370,Pink Premium Midi Dress,5,https://synthetic.example.com/products/370-pink-premium-midi-dress,Shirts,1790.0,20,1432.0,4.4,683,Synthetic Product Catalog,https://synthetic.example.com/source/370,2026-07-17
371,Olive Regular Fit T-Shirt,2,https://synthetic.example.com/products/371-olive-regular-fit-t-shirt,T-Shirts,1330.0,30,931.0,4.45,923,Synthetic Product Catalog,https://synthetic.example.com/source/371,2026-07-01
372,Black Cotton Everyday Dress,5,https://synthetic.example.com/products/372-black-cotton-everyday-dress,Shirts,3500.0,15,2975.0,4.49,1305,Synthetic Product Catalog,https://synthetic.example.com/source/372,2026-07-01
373,Brown Oversized Casual Top,6,https://synthetic.example.com/products/373-brown-oversized-casual-top,Trousers,2330.0,30,1631.0,4.13,82,Synthetic Product Catalog,https://synthetic.example.com/source/373,2026-06-03
374,Navy Textured Casual Jacket,8,https://synthetic.example.com/products/374-navy-textured-casual-jacket,Tops,3460.0,20,2768.0,4.2,198,Synthetic Product Catalog,https://synthetic.example.com/source/374,2026-06-30
375,Green Everyday Cotton Tee,9,https://synthetic.example.com/products/375-green-everyday-cotton-tee,T-Shirts,770.0,15,654.5,4.1,604,Synthetic Product Catalog,https://synthetic.example.com/source/375,2026-06-18
376,Grey Classic Denim Skirt,7,https://synthetic.example.com/products/376-grey-classic-denim-skirt,Dresses,1560.0,10,1404.0,4.11,82,Synthetic Product Catalog,https://synthetic.example.com/source/376,2026-06-11
377,Cream Regular Fit Jeans,3,https://synthetic.example.com/products/377-cream-regular-fit-jeans,Jeans,1930.0,10,1737.0,4.2,190,Synthetic Product Catalog,https://synthetic.example.com/source/377,2026-07-31
378,Beige Cotton Kids T-Shirt,9,https://synthetic.example.com/products/378-beige-cotton-kids-t-shirt,T-Shirts,460.0,20,368.0,4.02,698,Synthetic Product Catalog,https://synthetic.example.com/source/378,2026-07-29
379,White Regular Fit T-Shirt,2,https://synthetic.example.com/products/379-white-regular-fit-t-shirt,T-Shirts,1290.0,20,1032.0,3.61,906,Synthetic Product Catalog,https://synthetic.example.com/source/379,2026-07-23
380,Maroon Elegant Everyday Top,6,https://synthetic.example.com/products/380-maroon-elegant-everyday-top,Trousers,2310.0,0,2310.0,4.01,483,Synthetic Product Catalog,https://synthetic.example.com/source/380,2026-06-14
381,Blue Printed Casual Dress,5,https://synthetic.example.com/products/381-blue-printed-casual-dress,Shirts,1450.0,10,1305.0,3.85,127,Synthetic Product Catalog,https://synthetic.example.com/source/381,2026-06-30
382,Pink Washed Casual Jeans,3,https://synthetic.example.com/products/382-pink-washed-casual-jeans,Jeans,3390.0,20,2712.0,4.43,1654,Synthetic Product Catalog,https://synthetic.example.com/source/382,2026-06-27
383,Olive Textured Men's Jacket,10,https://synthetic.example.com/products/383-olive-textured-mens-jacket,Skirts,2280.0,0,2280.0,4.74,183,Synthetic Product Catalog,https://synthetic.example.com/source/383,2026-07-11
384,Black Classic Summer Dress,5,https://synthetic.example.com/products/384-black-classic-summer-dress,Shirts,2320.0,25,1740.0,3.62,270,Synthetic Product Catalog,https://synthetic.example.com/source/384,2026-07-31
385,Brown A-Line Casual Skirt,7,https://synthetic.example.com/products/385-brown-a-line-casual-skirt,Dresses,2010.0,5,1909.5,3.75,73,Synthetic Product Catalog,https://synthetic.example.com/source/385,2026-06-14
386,Navy Cotton Kids T-Shirt,9,https://synthetic.example.com/products/386-navy-cotton-kids-t-shirt,T-Shirts,450.0,10,405.0,3.4,327,Synthetic Product Catalog,https://synthetic.example.com/source/386,2026-07-18
387,Green Regular Fit Shirt,1,https://synthetic.example.com/products/387-green-regular-fit-shirt,Shirts,2200.0,35,1430.0,4.58,512,Synthetic Product Catalog,https://synthetic.example.com/source/387,2026-07-22
388,Grey Printed Casual Skirt,7,https://synthetic.example.com/products/388-grey-printed-casual-skirt,Dresses,2370.0,35,1540.5,4.11,291,Synthetic Product Catalog,https://synthetic.example.com/source/388,2026-07-31
389,Cream Comfort Fit T-Shirt,9,https://synthetic.example.com/products/389-cream-comfort-fit-t-shirt,T-Shirts,1400.0,40,840.0,4.33,459,Synthetic Product Catalog,https://synthetic.example.com/source/389,2026-06-04
390,Beige Checked Casual Shirt,1,https://synthetic.example.com/products/390-beige-checked-casual-shirt,Shirts,1840.0,25,1380.0,3.82,651,Synthetic Product Catalog,https://synthetic.example.com/source/390,2026-06-12
391,White Textured Women's Skirt,7,https://synthetic.example.com/products/391-white-textured-womens-skirt,Dresses,2060.0,0,2060.0,4.56,40,Synthetic Product Catalog,https://synthetic.example.com/source/391,2026-07-23
392,Maroon Classic Denim Skirt,7,https://synthetic.example.com/products/392-maroon-classic-denim-skirt,Dresses,1670.0,15,1419.5,3.84,84,Synthetic Product Catalog,https://synthetic.example.com/source/392,2026-07-04
393,Blue Premium Casual Shirt,1,https://synthetic.example.com/products/393-blue-premium-casual-shirt,Shirts,1100.0,10,990.0,3.92,101,Synthetic Product Catalog,https://synthetic.example.com/source/393,2026-07-10
394,Pink Premium Midi Skirt,7,https://synthetic.example.com/products/394-pink-premium-midi-skirt,Dresses,1160.0,30,812.0,4.09,78,Synthetic Product Catalog,https://synthetic.example.com/source/394,2026-06-18
395,Olive Lightweight Utility Jacket,10,https://synthetic.example.com/products/395-olive-lightweight-utility-jacket,Skirts,3660.0,35,2379.0,4.14,74,Synthetic Product Catalog,https://synthetic.example.com/source/395,2026-07-18
396,Black Cotton Utility Jacket,8,https://synthetic.example.com/products/396-black-cotton-utility-jacket,Tops,2030.0,5,1928.5,3.76,92,Synthetic Product Catalog,https://synthetic.example.com/source/396,2026-06-03
397,Brown Stretch Casual Trouser,4,https://synthetic.example.com/products/397-brown-stretch-casual-trouser,T-Shirts,1950.0,25,1462.5,4.21,43,Synthetic Product Catalog,https://synthetic.example.com/source/397,2026-07-28
398,Navy Checked Casual Shirt,1,https://synthetic.example.com/products/398-navy-checked-casual-shirt,Shirts,1680.0,30,1176.0,4.51,82,Synthetic Product Catalog,https://synthetic.example.com/source/398,2026-06-12
399,Green Everyday Cotton Trouser,4,https://synthetic.example.com/products/399-green-everyday-cotton-trouser,T-Shirts,1230.0,30,861.0,3.81,177,Synthetic Product Catalog,https://synthetic.example.com/source/399,2026-06-23
400,Grey Classic Casual Trouser,4,https://synthetic.example.com/products/400-grey-classic-casual-trouser,T-Shirts,2370.0,0,2370.0,4.21,235,Synthetic Product Catalog,https://synthetic.example.com/source/400,2026-07-23
401,Cream Regular Fit Jeans,3,https://synthetic.example.com/products/401-cream-regular-fit-jeans,Jeans,2150.0,20,1720.0,3.96,268,Synthetic Product Catalog,https://synthetic.example.com/source/401,2026-07-06
402,Beige Cotton Kids T-Shirt,9,https://synthetic.example.com/products/402-beige-cotton-kids-t-shirt,T-Shirts,810.0,25,607.5,3.25,247,Synthetic Product Catalog,https://synthetic.example.com/source/402,2026-06-26
403,White Relaxed Fit Top,6,https://synthetic.example.com/products/403-white-relaxed-fit-top,Trousers,1520.0,15,1292.0,3.85,242,Synthetic Product Catalog,https://synthetic.example.com/source/403,2026-07-18
404,Maroon Everyday Fashion Bag,11,https://synthetic.example.com/products/404-maroon-everyday-fashion-bag,Jackets,1310.0,0,1310.0,4.19,119,Synthetic Product Catalog,https://synthetic.example.com/source/404,2026-07-01
405,Blue Premium Sunglasses,11,https://synthetic.example.com/products/405-blue-premium-sunglasses,Jackets,470.0,30,329.0,4.35,335,Synthetic Product Catalog,https://synthetic.example.com/source/405,2026-07-07
406,Pink Lifestyle Accessories,12,https://synthetic.example.com/products/406-pink-lifestyle-accessories,Accessories,1980.0,15,1683.0,4.24,236,Synthetic Product Catalog,https://synthetic.example.com/source/406,2026-06-26
407,Olive Everyday Cotton Trouser,4,https://synthetic.example.com/products/407-olive-everyday-cotton-trouser,T-Shirts,2960.0,0,2960.0,3.8,358,Synthetic Product Catalog,https://synthetic.example.com/source/407,2026-06-07
408,Black Classic Denim Skirt,7,https://synthetic.example.com/products/408-black-classic-denim-skirt,Dresses,1370.0,40,822.0,4.06,81,Synthetic Product Catalog,https://synthetic.example.com/source/408,2026-07-24
409,Brown Premium Graphic T-Shirt,2,https://synthetic.example.com/products/409-brown-premium-graphic-t-shirt,T-Shirts,920.0,20,736.0,4.9,579,Synthetic Product Catalog,https://synthetic.example.com/source/409,2026-06-12
410,Navy Oxford Formal Shirt,1,https://synthetic.example.com/products/410-navy-oxford-formal-shirt,Shirts,890.0,35,578.5,4.17,248,Synthetic Product Catalog,https://synthetic.example.com/source/410,2026-07-25
411,Green Regular Fit Shirt,1,https://synthetic.example.com/products/411-green-regular-fit-shirt,Shirts,1520.0,35,988.0,4.11,114,Synthetic Product Catalog,https://synthetic.example.com/source/411,2026-07-27
412,Grey Minimal Accessories Set,12,https://synthetic.example.com/products/412-grey-minimal-accessories-set,Accessories,1410.0,30,987.0,3.44,370,Synthetic Product Catalog,https://synthetic.example.com/source/412,2026-07-17
413,Cream Printed Casual Dress,5,https://synthetic.example.com/products/413-cream-printed-casual-dress,Shirts,2170.0,20,1736.0,4.69,175,Synthetic Product Catalog,https://synthetic.example.com/source/413,2026-06-11
414,Beige Kids Polo T-Shirt,9,https://synthetic.example.com/products/414-beige-kids-polo-t-shirt,T-Shirts,430.0,15,365.5,4.43,170,Synthetic Product Catalog,https://synthetic.example.com/source/414,2026-07-14
415,White Essential Cotton Top,6,https://synthetic.example.com/products/415-white-essential-cotton-top,Trousers,1910.0,10,1719.0,4.52,534,Synthetic Product Catalog,https://synthetic.example.com/source/415,2026-07-22
416,Maroon Classic Casual Trouser,4,https://synthetic.example.com/products/416-maroon-classic-casual-trouser,T-Shirts,1930.0,15,1640.5,3.65,432,Synthetic Product Catalog,https://synthetic.example.com/source/416,2026-06-19
417,Blue Slim Fit Trouser,4,https://synthetic.example.com/products/417-blue-slim-fit-trouser,T-Shirts,2800.0,15,2380.0,4.45,79,Synthetic Product Catalog,https://synthetic.example.com/source/417,2026-07-20
418,Pink Premium Midi Skirt,7,https://synthetic.example.com/products/418-pink-premium-midi-skirt,Dresses,1200.0,25,900.0,4.12,451,Synthetic Product Catalog,https://synthetic.example.com/source/418,2026-07-25
419,Olive Leather Finish Wallet,11,https://synthetic.example.com/products/419-olive-leather-finish-wallet,Jackets,1330.0,25,997.5,3.61,51,Synthetic Product Catalog,https://synthetic.example.com/source/419,2026-06-06
420,Black Elegant Everyday Top,6,https://synthetic.example.com/products/420-black-elegant-everyday-top,Trousers,990.0,20,792.0,3.96,203,Synthetic Product Catalog,https://synthetic.example.com/source/420,2026-07-12
421,Brown Oversized Casual Top,6,https://synthetic.example.com/products/421-brown-oversized-casual-top,Trousers,720.0,35,468.0,4.01,174,Synthetic Product Catalog,https://synthetic.example.com/source/421,2026-06-26
422,Navy Lifestyle Accessories,12,https://synthetic.example.com/products/422-navy-lifestyle-accessories,Accessories,830.0,10,747.0,4.13,69,Synthetic Product Catalog,https://synthetic.example.com/source/422,2026-07-26
423,Green Fashion Accessory Pack,11,https://synthetic.example.com/products/423-green-fashion-accessory-pack,Jackets,950.0,15,807.5,3.69,339,Synthetic Product Catalog,https://synthetic.example.com/source/423,2026-07-10
424,Grey Classic Denim Jacket,8,https://synthetic.example.com/products/424-grey-classic-denim-jacket,Tops,2210.0,25,1657.5,4.56,606,Synthetic Product Catalog,https://synthetic.example.com/source/424,2026-07-31
425,Cream Premium Casual Shirt,1,https://synthetic.example.com/products/425-cream-premium-casual-shirt,Shirts,1700.0,15,1445.0,4.31,320,Synthetic Product Catalog,https://synthetic.example.com/source/425,2026-07-02
426,Beige Cotton Kids T-Shirt,9,https://synthetic.example.com/products/426-beige-cotton-kids-t-shirt,T-Shirts,1380.0,20,1104.0,4.14,555,Synthetic Product Catalog,https://synthetic.example.com/source/426,2026-06-12
427,White Lightweight Utility Jacket,10,https://synthetic.example.com/products/427-white-lightweight-utility-jacket,Skirts,4750.0,5,4512.5,4.79,378,Synthetic Product Catalog,https://synthetic.example.com/source/427,2026-07-14
428,Maroon Linen Blend Shirt,1,https://synthetic.example.com/products/428-maroon-linen-blend-shirt,Shirts,1910.0,0,1910.0,3.97,145,Synthetic Product Catalog,https://synthetic.example.com/source/428,2026-07-27
429,Blue Relaxed Fit Jacket,10,https://synthetic.example.com/products/429-blue-relaxed-fit-jacket,Skirts,4500.0,5,4275.0,4.2,379,Synthetic Product Catalog,https://synthetic.example.com/source/429,2026-06-26
430,Pink Cotton Casual Cap,11,https://synthetic.example.com/products/430-pink-cotton-casual-cap,Jackets,1060.0,10,954.0,4.32,203,Synthetic Product Catalog,https://synthetic.example.com/source/430,2026-07-30
431,Olive Solid Cotton Shirt,1,https://synthetic.example.com/products/431-olive-solid-cotton-shirt,Shirts,1260.0,35,819.0,4.45,474,Synthetic Product Catalog,https://synthetic.example.com/source/431,2026-06-10
432,Black Classic Kids T-Shirt,9,https://synthetic.example.com/products/432-black-classic-kids-t-shirt,T-Shirts,860.0,10,774.0,4.09,303,Synthetic Product Catalog,https://synthetic.example.com/source/432,2026-07-02
433,Brown Premium Denim Jacket,10,https://synthetic.example.com/products/433-brown-premium-denim-jacket,Skirts,3480.0,15,2958.0,4.58,309,Synthetic Product Catalog,https://synthetic.example.com/source/433,2026-07-11
434,Navy Cotton Kids T-Shirt,9,https://synthetic.example.com/products/434-navy-cotton-kids-t-shirt,T-Shirts,1260.0,40,756.0,3.74,160,Synthetic Product Catalog,https://synthetic.example.com/source/434,2026-06-04
435,Green Casual Accessories Pack,12,https://synthetic.example.com/products/435-green-casual-accessories-pack,Accessories,670.0,30,469.0,4.67,259,Synthetic Product Catalog,https://synthetic.example.com/source/435,2026-07-01
436,Grey Printed Casual Tee,2,https://synthetic.example.com/products/436-grey-printed-casual-tee,T-Shirts,650.0,20,520.0,3.78,115,Synthetic Product Catalog,https://synthetic.example.com/source/436,2026-06-07
437,Cream Printed Casual Dress,5,https://synthetic.example.com/products/437-cream-printed-casual-dress,Shirts,3450.0,0,3450.0,4.16,238,Synthetic Product Catalog,https://synthetic.example.com/source/437,2026-06-27
438,Beige Checked Casual Shirt,1,https://synthetic.example.com/products/438-beige-checked-casual-shirt,Shirts,1000.0,35,650.0,4.2,468,Synthetic Product Catalog,https://synthetic.example.com/source/438,2026-06-23
439,White Everyday Cotton Trouser,4,https://synthetic.example.com/products/439-white-everyday-cotton-trouser,T-Shirts,2170.0,25,1627.5,3.77,136,Synthetic Product Catalog,https://synthetic.example.com/source/439,2026-07-13
440,Maroon Classic Kids T-Shirt,9,https://synthetic.example.com/products/440-maroon-classic-kids-t-shirt,T-Shirts,1500.0,20,1200.0,4.69,540,Synthetic Product Catalog,https://synthetic.example.com/source/440,2026-07-26
441,Blue Premium Denim Jacket,10,https://synthetic.example.com/products/441-blue-premium-denim-jacket,Skirts,1810.0,5,1719.5,3.33,97,Synthetic Product Catalog,https://synthetic.example.com/source/441,2026-06-07
442,Pink Premium Midi Dress,5,https://synthetic.example.com/products/442-pink-premium-midi-dress,Shirts,2060.0,20,1648.0,3.97,71,Synthetic Product Catalog,https://synthetic.example.com/source/442,2026-07-14
443,Olive Cotton Everyday Skirt,7,https://synthetic.example.com/products/443-olive-cotton-everyday-skirt,Dresses,1230.0,25,922.5,4.33,484,Synthetic Product Catalog,https://synthetic.example.com/source/443,2026-06-09
444,Black Printed Casual Tee,2,https://synthetic.example.com/products/444-black-printed-casual-tee,T-Shirts,940.0,25,705.0,3.26,73,Synthetic Product Catalog,https://synthetic.example.com/source/444,2026-06-23
445,Brown Premium Sunglasses,11,https://synthetic.example.com/products/445-brown-premium-sunglasses,Jackets,1790.0,5,1700.5,3.89,1777,Synthetic Product Catalog,https://synthetic.example.com/source/445,2026-06-18
446,Navy Cotton Casual Cap,11,https://synthetic.example.com/products/446-navy-cotton-casual-cap,Jackets,800.0,0,800.0,3.65,231,Synthetic Product Catalog,https://synthetic.example.com/source/446,2026-06-30
447,Green Everyday Denim Jacket,8,https://synthetic.example.com/products/447-green-everyday-denim-jacket,Tops,2190.0,10,1971.0,4.11,202,Synthetic Product Catalog,https://synthetic.example.com/source/447,2026-07-09
448,Grey Slim Fit Denim Jeans,3,https://synthetic.example.com/products/448-grey-slim-fit-denim-jeans,Jeans,2430.0,30,1701.0,4.14,463,Synthetic Product Catalog,https://synthetic.example.com/source/448,2026-07-12
449,Cream Slim Fit Trouser,4,https://synthetic.example.com/products/449-cream-slim-fit-trouser,T-Shirts,2040.0,35,1326.0,4.3,484,Synthetic Product Catalog,https://synthetic.example.com/source/449,2026-06-05
450,Beige Cotton Kids T-Shirt,9,https://synthetic.example.com/products/450-beige-cotton-kids-t-shirt,T-Shirts,1170.0,40,702.0,4.68,1694,Synthetic Product Catalog,https://synthetic.example.com/source/450,2026-07-07
451,White Relaxed Fit Top,6,https://synthetic.example.com/products/451-white-relaxed-fit-top,Trousers,930.0,25,697.5,4.06,129,Synthetic Product Catalog,https://synthetic.example.com/source/451,2026-06-29
452,Maroon Everyday Fashion Bag,11,https://synthetic.example.com/products/452-maroon-everyday-fashion-bag,Jackets,1370.0,25,1027.5,4.14,114,Synthetic Product Catalog,https://synthetic.example.com/source/452,2026-06-10
453,Blue Relaxed Fit Skirt,7,https://synthetic.example.com/products/453-blue-relaxed-fit-skirt,Dresses,860.0,20,688.0,4.36,2373,Synthetic Product Catalog,https://synthetic.example.com/source/453,2026-06-10
454,Pink Winter Casual Jacket,10,https://synthetic.example.com/products/454-pink-winter-casual-jacket,Skirts,2970.0,10,2673.0,3.52,1048,Synthetic Product Catalog,https://synthetic.example.com/source/454,2026-06-24
455,Olive Everyday Cotton Trouser,4,https://synthetic.example.com/products/455-olive-everyday-cotton-trouser,T-Shirts,1190.0,30,833.0,4.06,100,Synthetic Product Catalog,https://synthetic.example.com/source/455,2026-07-20
456,Black Classic Casual Trouser,4,https://synthetic.example.com/products/456-black-classic-casual-trouser,T-Shirts,2940.0,25,2205.0,3.47,544,Synthetic Product Catalog,https://synthetic.example.com/source/456,2026-07-15
457,Brown Premium Casual Jacket,8,https://synthetic.example.com/products/457-brown-premium-casual-jacket,Tops,1640.0,25,1230.0,3.76,217,Synthetic Product Catalog,https://synthetic.example.com/source/457,2026-07-15
458,Navy Everyday Fashion Belt,12,https://synthetic.example.com/products/458-navy-everyday-fashion-belt,Accessories,2390.0,25,1792.5,4.4,24,Synthetic Product Catalog,https://synthetic.example.com/source/458,2026-06-19
459,Green Leather Finish Wallet,11,https://synthetic.example.com/products/459-green-leather-finish-wallet,Jackets,850.0,20,680.0,4.21,761,Synthetic Product Catalog,https://synthetic.example.com/source/459,2026-07-06
460,Grey Cotton Utility Jacket,8,https://synthetic.example.com/products/460-grey-cotton-utility-jacket,Tops,4980.0,0,4980.0,4.16,209,Synthetic Product Catalog,https://synthetic.example.com/source/460,2026-06-09
461,Cream Relaxed Fit Jacket,10,https://synthetic.example.com/products/461-cream-relaxed-fit-jacket,Skirts,2510.0,10,2259.0,4.0,38,Synthetic Product Catalog,https://synthetic.example.com/source/461,2026-07-11
462,Beige Textured Casual Jacket,8,https://synthetic.example.com/products/462-beige-textured-casual-jacket,Tops,1610.0,0,1610.0,4.38,664,Synthetic Product Catalog,https://synthetic.example.com/source/462,2026-06-07
463,White Everyday Cotton Trouser,4,https://synthetic.example.com/products/463-white-everyday-cotton-trouser,T-Shirts,2970.0,10,2673.0,4.95,175,Synthetic Product Catalog,https://synthetic.example.com/source/463,2026-07-17
464,Maroon Classic Women's Top,6,https://synthetic.example.com/products/464-maroon-classic-womens-top,Trousers,1740.0,15,1479.0,4.6,371,Synthetic Product Catalog,https://synthetic.example.com/source/464,2026-07-03
465,Blue Printed Kids Tee,9,https://synthetic.example.com/products/465-blue-printed-kids-tee,T-Shirts,1160.0,30,812.0,5.0,807,Synthetic Product Catalog,https://synthetic.example.com/source/465,2026-07-07
466,Pink Oversized Denim Jacket,8,https://synthetic.example.com/products/466-pink-oversized-denim-jacket,Tops,2100.0,0,2100.0,4.64,185,Synthetic Product Catalog,https://synthetic.example.com/source/466,2026-07-28
467,Olive Regular Fit Shirt,1,https://synthetic.example.com/products/467-olive-regular-fit-shirt,Shirts,910.0,30,637.0,3.76,138,Synthetic Product Catalog,https://synthetic.example.com/source/467,2026-06-19
468,Black Premium Chino Trouser,4,https://synthetic.example.com/products/468-black-premium-chino-trouser,T-Shirts,1110.0,30,777.0,2.86,113,Synthetic Product Catalog,https://synthetic.example.com/source/468,2026-07-31
469,Brown Relaxed Fit Jacket,10,https://synthetic.example.com/products/469-brown-relaxed-fit-jacket,Skirts,4280.0,20,3424.0,4.11,914,Synthetic Product Catalog,https://synthetic.example.com/source/469,2026-07-07
470,Navy Relaxed Fit Dress,5,https://synthetic.example.com/products/470-navy-relaxed-fit-dress,Shirts,3490.0,0,3490.0,4.72,305,Synthetic Product Catalog,https://synthetic.example.com/source/470,2026-07-23
471,Green Premium Oversized Tee,2,https://synthetic.example.com/products/471-green-premium-oversized-tee,T-Shirts,1390.0,10,1251.0,4.28,2445,Synthetic Product Catalog,https://synthetic.example.com/source/471,2026-06-23
472,Grey Classic Summer Dress,5,https://synthetic.example.com/products/472-grey-classic-summer-dress,Shirts,2390.0,15,2031.5,4.61,285,Synthetic Product Catalog,https://synthetic.example.com/source/472,2026-07-01
473,Cream Premium Fashion Belt,11,https://synthetic.example.com/products/473-cream-premium-fashion-belt,Jackets,550.0,30,385.0,4.76,344,Synthetic Product Catalog,https://synthetic.example.com/source/473,2026-07-11
474,Beige Printed Cotton Top,6,https://synthetic.example.com/products/474-beige-printed-cotton-top,Trousers,2220.0,10,1998.0,4.22,249,Synthetic Product Catalog,https://synthetic.example.com/source/474,2026-06-21
475,White Regular Fit T-Shirt,2,https://synthetic.example.com/products/475-white-regular-fit-t-shirt,T-Shirts,1490.0,40,894.0,4.48,782,Synthetic Product Catalog,https://synthetic.example.com/source/475,2026-07-30
476,Maroon Printed Casual Tee,2,https://synthetic.example.com/products/476-maroon-printed-casual-tee,T-Shirts,1270.0,25,952.5,3.18,161,Synthetic Product Catalog,https://synthetic.example.com/source/476,2026-07-28
477,Blue Stretch Casual Trouser,4,https://synthetic.example.com/products/477-blue-stretch-casual-trouser,T-Shirts,2980.0,10,2682.0,3.79,1041,Synthetic Product Catalog,https://synthetic.example.com/source/477,2026-06-27
478,Pink Relaxed Fit Dress,5,https://synthetic.example.com/products/478-pink-relaxed-fit-dress,Shirts,2790.0,30,1953.0,4.08,304,Synthetic Product Catalog,https://synthetic.example.com/source/478,2026-06-29
479,Olive Party Wear Dress,5,https://synthetic.example.com/products/479-olive-party-wear-dress,Shirts,1740.0,20,1392.0,4.25,871,Synthetic Product Catalog,https://synthetic.example.com/source/479,2026-06-14
480,Black Classic Denim Skirt,7,https://synthetic.example.com/products/480-black-classic-denim-skirt,Dresses,1960.0,40,1176.0,3.94,389,Synthetic Product Catalog,https://synthetic.example.com/source/480,2026-06-07
481,Brown Premium Accessories Set,12,https://synthetic.example.com/products/481-brown-premium-accessories-set,Accessories,540.0,10,486.0,3.93,99,Synthetic Product Catalog,https://synthetic.example.com/source/481,2026-07-03
482,Navy Casual Cap,11,https://synthetic.example.com/products/482-navy-casual-cap,Jackets,510.0,10,459.0,4.05,1218,Synthetic Product Catalog,https://synthetic.example.com/source/482,2026-06-07
483,Green Regular Fit T-Shirt,2,https://synthetic.example.com/products/483-green-regular-fit-t-shirt,T-Shirts,1440.0,0,1440.0,3.79,241,Synthetic Product Catalog,https://synthetic.example.com/source/483,2026-06-08
484,Grey Premium Chino Trouser,4,https://synthetic.example.com/products/484-grey-premium-chino-trouser,T-Shirts,2660.0,25,1995.0,3.41,124,Synthetic Product Catalog,https://synthetic.example.com/source/484,2026-06-17
485,Cream Premium Fashion Wallet,12,https://synthetic.example.com/products/485-cream-premium-fashion-wallet,Accessories,2400.0,20,1920.0,4.4,827,Synthetic Product Catalog,https://synthetic.example.com/source/485,2026-06-21
486,Beige Kids Polo T-Shirt,9,https://synthetic.example.com/products/486-beige-kids-polo-t-shirt,T-Shirts,1500.0,10,1350.0,3.35,279,Synthetic Product Catalog,https://synthetic.example.com/source/486,2026-06-17
487,White Party Wear Dress,5,https://synthetic.example.com/products/487-white-party-wear-dress,Shirts,2710.0,0,2710.0,4.02,129,Synthetic Product Catalog,https://synthetic.example.com/source/487,2026-07-04
488,Maroon Classic Men's Jacket,10,https://synthetic.example.com/products/488-maroon-classic-mens-jacket,Skirts,3800.0,25,2850.0,4.23,128,Synthetic Product Catalog,https://synthetic.example.com/source/488,2026-06-27
489,Blue Premium Denim Jacket,10,https://synthetic.example.com/products/489-blue-premium-denim-jacket,Skirts,3380.0,20,2704.0,3.36,274,Synthetic Product Catalog,https://synthetic.example.com/source/489,2026-06-25
490,Pink Casual Cap,11,https://synthetic.example.com/products/490-pink-casual-cap,Jackets,1780.0,25,1335.0,3.69,1091,Synthetic Product Catalog,https://synthetic.example.com/source/490,2026-07-01
491,Olive Stretch Denim Jeans,3,https://synthetic.example.com/products/491-olive-stretch-denim-jeans,Jeans,2890.0,30,2023.0,4.71,136,Synthetic Product Catalog,https://synthetic.example.com/source/491,2026-07-19
492,Black Premium Chino Trouser,4,https://synthetic.example.com/products/492-black-premium-chino-trouser,T-Shirts,1890.0,30,1323.0,3.26,150,Synthetic Product Catalog,https://synthetic.example.com/source/492,2026-07-12
493,Brown Stretch Casual Trouser,4,https://synthetic.example.com/products/493-brown-stretch-casual-trouser,T-Shirts,1100.0,5,1045.0,4.61,2318,Synthetic Product Catalog,https://synthetic.example.com/source/493,2026-07-10
494,Navy Lifestyle Accessories,12,https://synthetic.example.com/products/494-navy-lifestyle-accessories,Accessories,1410.0,10,1269.0,3.42,584,Synthetic Product Catalog,https://synthetic.example.com/source/494,2026-06-06
495,Green Solid Cotton Shirt,1,https://synthetic.example.com/products/495-green-solid-cotton-shirt,Shirts,1450.0,30,1015.0,3.67,83,Synthetic Product Catalog,https://synthetic.example.com/source/495,2026-06-14
496,Grey Slim Fit Denim Jeans,3,https://synthetic.example.com/products/496-grey-slim-fit-denim-jeans,Jeans,1320.0,35,858.0,4.13,447,Synthetic Product Catalog,https://synthetic.example.com/source/496,2026-07-08
497,Cream Premium Accessories Set,12,https://synthetic.example.com/products/497-cream-premium-accessories-set,Accessories,760.0,30,532.0,5.0,209,Synthetic Product Catalog,https://synthetic.example.com/source/497,2026-06-29
498,Beige Oversized Denim Jacket,8,https://synthetic.example.com/products/498-beige-oversized-denim-jacket,Tops,4830.0,30,3381.0,3.86,157,Synthetic Product Catalog,https://synthetic.example.com/source/498,2026-06-22
499,White Lightweight Casual Jacket,8,https://synthetic.example.com/products/499-white-lightweight-casual-jacket,Tops,4780.0,20,3824.0,4.14,685,Synthetic Product Catalog,https://synthetic.example.com/source/499,2026-06-06
500,Maroon Essential Kids Tee,9,https://synthetic.example.com/products/500-maroon-essential-kids-tee,T-Shirts,530.0,5,503.5,3.53,58,Synthetic Product Catalog,https://synthetic.example.com/source/500,2026-07-07
